STATIONS_ID,MESS_DATUM_BEGINN,MESS_DATUM_ENDE,QUALITAETS_NIVEAU,ART1,LUFTTEMPERATUR_MAXIMUM,LUFTTEMPERATUR,LUFTTEMPERATUR_MINIMUM,WINDSTAERKE,BEDECKUNGSGRAD,ART2,SONNENSCHEINDAUER,ART3,NIEDERSCHLAGSHOEHE,ART4,max(LUFTTEMPERATUR_MAXIMUM),min(LUFTTEMPERATUR_MINIMUM),max(WINDSPITZE_MAXIMUM),ART5,max(NIEDERSCHLAGSHOEHE)
433,19480101,19480131,5,1,5.3,2.6,-0.1,2.98,6.44,2,-999,2,92.0,6,12.0,-5.00,-999,6,33.4
433,19480201,19480229,5,1,2.8,0.2,-2.3,3.12,6.12,2,-999,2,71.1,6,11.9,-13.70,-999,6,12.8
433,19480301,19480331,5,1,10.5,6.0,1.9,2.78,3.85,2,-999,2,27.1,6,19.1,-5.00,-999,6,17.6
433,19480401,19480430,5,1,16.7,11.8,7.1,2.91,4.27,2,-999,2,23.0,6,26.7,1.70,-999,6,7.9
433,19480501,19480531,5,1,20.3,15.3,10.3,2.78,5.03,2,-999,2,23.0,6,27.2,4.90,-999,6,8.6
433,19480601,19480630,5,1,23.0,18.0,12.8,2.50,4.49,2,-999,2,51.9,6,32.0,7.50,-999,6,13.4
433,19480701,19480731,5,1,23.0,18.4,13.9,2.44,4.86,2,-999,2,93.7,6,32.7,7.00,-999,6,22.4
433,19480801,19480831,5,1,23.0,18.6,14.5,2.40,5.43,2,-999,2,155.7,6,34.0,10.40,-999,6,76.7
433,19480901,19480930,5,1,20.9,15.9,12.0,3.01,5.21,2,-999,2,5.0,6,30.4,4.90,-999,6,2.1
433,19481001,19481031,5,1,13.1,9.6,6.5,3.05,6.03,2,-999,2,46.6,6,20.3,1.80,-999,6,13.6
433,19481101,19481130,5,1,7.3,5.0,2.6,2.61,6.36,2,-999,2,27.1,6,13.2,-4.10,-999,6,9.9
433,19481201,19481231,5,1,4.3,1.8,-0.7,2.70,4.91,2,-999,2,12.5,6,9.2,-6.70,-999,6,4.0
433,19490101,19490131,5,1,4.0,1.9,-0.7,2.96,5.46,2,-999,2,29.6,6,10.0,-5.50,-999,6,6.0
433,19490201,19490228,5,1,5.3,2.5,-0.5,2.85,5.11,2,-999,2,34.2,6,14.4,-6.20,-999,6,8.6
433,19490301,19490331,5,1,6.9,2.8,-1.1,2.94,4.06,2,-999,2,39.7,6,20.4,-11.10,-999,6,14.7
433,19490401,19490430,5,1,16.6,11.3,6.5,3.06,4.47,2,-999,2,40.6,6,26.8,0.10,-999,6,11.6
433,19490501,19490531,5,1,19.7,14.9,9.8,2.52,5.26,2,-999,2,53.8,6,29.7,2.80,-999,6,11.0
433,19490601,19490630,5,1,19.3,15.3,11.4,2.63,6.07,2,-999,2,70.8,6,28.9,6.60,-999,6,19.0
433,19490701,19490731,5,1,23.6,19.3,14.7,2.66,5.02,2,-999,2,29.7,6,31.1,11.70,-999,6,5.8
433,19490801,19490831,5,1,24.3,19.0,13.6,2.57,4.05,2,-999,2,42.4,6,36.4,8.60,-999,6,16.0
433,19490901,19490930,5,1,23.8,18.2,13.2,2.00,3.46,2,-999,2,8.5,6,29.6,9.40,-999,6,2.9
433,19491001,19491031,5,1,16.6,11.6,7.2,2.51,3.55,2,-999,2,9.3,6,23.1,-0.80,-999,6,5.8
433,19491101,19491130,5,1,7.2,4.6,1.8,2.32,6.15,2,-999,2,55.3,6,11.3,-5.80,-999,6,12.5
433,19491201,19491231,5,1,6.0,3.9,1.8,2.85,6.53,2,-999,2,82.6,6,11.3,-1.90,-999,6,17.8
433,19500101,19500131,5,1,1.2,-1.5,-4.1,2.96,5.69,2,-999,2,44.2,6,8.8,-11.60,-999,6,7.9
433,19500201,19500228,5,1,5.8,3.0,0.3,3.21,6.36,2,-999,2,67.5,6,15.4,-9.80,-999,6,14.7
433,19500301,19500331,5,1,9.3,5.6,1.9,2.44,4.96,2,-999,2,21.8,6,17.8,-10.10,-999,6,3.5
433,19500401,19500430,5,1,12.3,8.2,4.5,2.76,5.63,2,-999,2,88.6,6,18.7,1.20,-999,6,29.7
433,19500501,19500531,5,1,20.8,15.9,11.1,2.38,4.86,2,-999,2,83.6,6,31.6,6.60,-999,6,15.6
433,19500601,19500630,5,1,23.9,19.4,14.1,2.16,4.12,2,-999,2,34.9,6,32.1,9.40,-999,6,10.1
433,19500701,19500731,5,1,23.4,19.2,14.6,2.51,4.82,2,-999,2,98.3,6,29.5,11.10,-999,6,31.4
433,19500801,19500831,5,1,24.8,20.1,15.3,1.85,4.73,2,-999,2,35.4,6,33.1,11.20,-999,6,10.9
433,19500901,19500930,5,1,18.3,14.1,10.5,2.46,5.76,2,-999,2,41.6,6,28.0,6.10,-999,6,8.3
433,19501001,19501031,5,1,12.4,8.9,5.8,2.56,5.27,2,-999,2,32.6,6,19.0,-1.20,-999,6,6.3
433,19501101,19501130,5,1,6.9,4.9,2.7,2.76,6.76,2,-999,2,50.0,6,13.8,-0.90,-999,6,9.3
433,19501201,19501231,5,1,0.9,-0.9,-2.7,2.25,6.37,2,-999,2,20.3,6,9.7,-13.80,-999,6,4.8
433,19510101,19510131,5,1,3.1,1.1,-1.5,2.87,6.77,2,-999,2,60.4,6,10.0,-11.80,-999,6,8.8
433,19510201,19510228,5,1,5.2,2.1,-0.2,2.32,6.21,2,-999,2,31.9,6,12.0,-9.60,-999,6,7.4
433,19510301,19510331,5,1,5.9,2.5,-0.6,3.06,5.53,2,-999,2,59.2,6,14.1,-7.10,-999,6,11.9
433,19510401,19510430,5,1,13.7,9.3,4.9,2.23,4.49,2,-999,2,35.1,6,27.2,0.90,-999,6,10.0
433,19510501,19510531,5,1,16.5,12.8,8.9,2.43,5.65,2,-999,2,56.1,6,22.6,4.20,-999,6,35.7
433,19510601,19510630,5,1,22.0,17.9,13.4,2.01,5.08,2,-999,2,79.7,6,28.7,7.80,-999,6,22.3
433,19510701,19510731,5,1,23.5,19.4,15.0,2.14,5.05,2,-999,2,39.1,6,32.7,9.50,-999,6,19.8
433,19510801,19510831,5,1,24.5,20.2,15.7,1.74,5.17,2,-999,2,44.1,6,32.5,11.60,-999,6,16.2
433,19510901,19510930,5,1,20.9,16.2,12.2,2.06,4.37,2,-999,2,32.8,6,30.8,7.10,-999,6,9.1
433,19511001,19511031,5,1,13.8,9.0,4.6,2.26,2.78,2,-999,2,1.4,6,18.4,0.90,-999,6,1.3
433,19511101,19511130,5,1,9.4,7.4,5.1,2.62,7.01,2,-999,2,58.7,6,13.1,2.60,-999,6,13.1
433,19511201,19511231,5,1,6.1,4.1,2.1,2.50,6.09,2,-999,2,17.3,6,10.3,-3.60,-999,6,7.6
433,19520101,19520131,5,1,3.1,1.4,-0.6,2.65,7.03,2,-999,2,56.2,6,7.5,-5.40,-999,6,14.7
433,19520201,19520229,5,1,3.6,1.6,-0.7,2.53,6.55,2,-999,2,26.3,6,9.8,-8.60,-999,6,8.2
433,19520301,19520331,5,1,5.2,1.5,-1.7,2.43,4.96,2,-999,2,16.2,6,11.8,-6.20,-999,6,6.2
433,19520401,19520430,5,1,16.8,12.4,7.8,1.63,4.84,2,-999,2,16.3,6,24.4,-1.70,-999,6,9.3
433,19520501,19520531,5,1,17.6,13.3,9.3,2.30,5.46,2,-999,2,59.5,6,25.7,3.00,-999,6,22.3
433,19520601,19520630,5,1,20.2,16.5,12.2,1.92,5.05,2,-999,2,66.4,6,27.8,8.00,-999,6,14.2
433,19520701,19520731,5,1,23.4,19.2,14.6,2.16,4.37,2,-999,2,45.4,6,33.9,10.60,-999,6,17.0
433,19520801,19520831,5,1,24.0,19.8,15.6,1.80,4.90,2,-999,2,23.8,6,31.8,11.20,-999,6,5.7
433,19520901,19520930,5,1,15.8,12.3,9.2,2.33,5.87,2,-999,2,56.9,6,22.6,4.10,-999,6,9.4
433,19521001,19521031,5,1,10.4,7.9,5.7,1.97,6.63,2,-999,2,49.8,6,18.4,1.40,-999,6,14.8
433,19521101,19521130,5,1,3.9,2.2,0.6,1.82,6.94,2,-999,2,50.5,6,8.9,-6.60,-999,6,10.4
433,19521201,19521231,5,1,1.5,-0.2,-2.4,1.70,6.36,2,-999,2,26.6,6,6.6,-8.30,-999,6,7.6
433,19530101,19530131,5,1,2.1,0.8,-1.2,2.42,7.44,2,-999,2,52.4,6,9.7,-8.20,-999,6,8.2
433,19530201,19530228,5,1,3.2,1.1,-1.3,2.46,6.81,2,-999,2,34.8,6,14.4,-15.40,-999,6,9.3
433,19530301,19530331,5,1,11.1,6.5,2.1,2.36,3.32,2,-999,2,11.4,6,19.4,-3.80,-999,6,8.0
433,19530401,19530430,5,1,16.1,10.9,5.3,2.21,3.36,2,-999,2,15.5,6,25.3,0.10,-999,6,4.3
433,19530501,19530531,5,1,19.8,15.2,10.6,2.32,4.75,2,-999,2,24.7,6,30.7,0.50,-999,6,6.8
433,19530601,19530630,5,1,22.7,19.0,14.6,1.91,5.03,2,-999,2,191.9,6,29.4,7.50,-999,6,32.1
433,19530701,19530731,5,1,24.2,20.1,15.8,1.97,5.23,2,-999,2,52.8,6,30.8,12.00,-999,6,9.6
433,19530801,19530831,5,1,22.7,18.5,13.9,2.38,4.39,2,-999,2,24.6,6,31.6,10.90,-999,6,3.5
433,19530901,19530930,5,1,19.8,15.2,10.8,2.25,4.03,2,-999,2,21.9,6,30.7,6.50,-999,6,5.3
433,19531001,19531031,5,1,16.1,12.1,8.5,1.85,4.76,2,-999,2,6.8,6,23.3,3.00,-999,6,3.6
433,19531101,19531130,5,1,8.2,5.9,3.3,2.47,5.76,2,-999,2,30.1,6,14.4,-6.20,-999,6,17.7
433,19531201,19531231,5,1,4.4,2.4,0.7,1.92,6.01,2,-999,2,25.6,6,14.4,-5.00,-999,6,13.1
433,19540101,19540131,5,1,-0.6,-3.0,-5.5,2.86,5.41,2,-999,2,32.7,6,8.6,-18.50,-999,6,6.3
433,19540201,19540228,5,1,-1.9,-5.1,-8.7,2.80,4.35,2,-999,2,11.9,6,7.4,-18.90,-999,6,3.6
433,19540301,19540331,5,1,7.6,4.2,1.0,2.47,5.84,2,-999,2,13.3,6,17.7,-1.80,-999,6,6.8
433,19540401,19540430,5,1,10.8,7.2,3.1,2.31,5.41,2,-999,2,43.6,6,16.3,-1.00,-999,6,14.7
433,19540501,19540531,5,1,19.5,15.0,9.5,1.82,4.15,2,-999,2,34.4,6,26.1,2.70,-999,6,22.0
433,19540601,19540630,5,1,23.0,18.8,14.0,1.93,4.60,2,-999,2,46.1,6,34.3,9.50,-999,6,11.7
433,19540701,19540731,5,1,19.4,16.1,13.2,2.54,6.43,2,-999,2,140.2,6,22.6,11.00,-999,6,24.0
433,19540801,19540831,5,1,21.9,17.8,13.9,1.89,5.35,2,-999,2,99.5,6,31.3,9.60,-999,6,22.4
433,19540901,19540930,5,1,18.9,15.1,12.3,2.72,4.97,2,-999,2,145.4,6,30.5,4.10,-999,6,34.4
433,19541001,19541031,5,1,14.2,11.1,8.1,2.76,5.85,2,-999,2,52.2,6,20.0,1.70,-999,6,23.0
433,19541101,19541130,5,1,6.4,3.9,1.3,2.55,5.63,2,-999,2,41.7,6,13.4,-5.90,-999,6,9.6
433,19541201,19541231,5,1,6.1,4.1,2.1,3.42,6.80,2,-999,2,80.3,6,11.8,-1.60,-999,6,13.6
433,19550101,19550131,5,1,0.7,-1.5,-3.9,2.98,5.55,2,-999,2,24.4,6,6.2,-9.30,-999,6,6.1
433,19550201,19550228,5,1,1.1,-1.9,-4.8,2.73,5.50,2,-999,2,40.9,6,6.8,-14.70,-999,6,12.2
433,19550301,19550331,5,1,4.5,1.1,-2.7,2.77,4.95,2,-999,2,30.1,6,17.4,-10.10,-999,6,6.0
433,19550401,19550430,5,1,11.1,7.4,3.4,2.79,5.73,2,-999,2,45.5,6,29.3,-0.40,-999,6,10.1
433,19550501,19550531,5,1,16.3,12.1,7.4,3.11,5.24,2,-999,2,32.3,6,24.2,2.20,-999,6,5.6
433,19550601,19550630,5,1,20.4,16.1,11.4,2.38,5.44,2,-999,2,70.6,6,30.0,6.70,-999,6,18.0
433,19550701,19550731,5,1,24.0,19.9,15.8,2.37,4.83,2,-999,2,95.4,6,29.7,11.40,-999,6,30.0
433,19550801,19550831,5,1,23.7,19.5,15.5,1.81,4.35,2,-999,2,64.2,6,29.0,11.30,-999,6,23.8
433,19550901,19550930,5,1,19.4,15.5,11.7,1.93,4.39,2,-999,2,59.5,6,26.2,6.60,-999,6,22.7
433,19551001,19551031,5,1,12.6,9.5,6.6,2.62,5.73,2,-999,2,73.1,6,19.4,1.50,-999,6,20.4
433,19551101,19551130,5,1,7.7,5.2,2.6,2.70,6.07,2,-999,2,26.1,6,14.1,-3.60,-999,6,6.0
433,19551201,19551231,5,1,5.3,3.1,0.9,3.24,6.40,2,-999,2,80.4,6,11.3,-6.70,-999,6,11.9
433,19560101,19560131,5,1,2.7,0.6,-1.4,3.15,6.05,2,-999,2,45.6,6,8.6,-17.40,-999,6,11.5
433,19560201,19560229,5,1,-5.4,-8.0,-11.7,2.41,5.58,2,-999,2,39.7,6,5.6,-22.50,-999,6,6.8
433,19560301,19560331,5,1,7.2,3.4,-0.2,3.60,4.22,2,-999,2,38.4,6,18.1,-4.80,-999,6,11.7
433,19560401,19560430,5,1,9.0,5.6,2.7,2.87,6.50,2,-999,2,98.2,6,17.6,-2.40,-999,6,20.2
433,19560501,19560531,5,1,18.3,14.3,9.5,2.58,5.02,2,-999,2,31.7,6,30.7,3.80,-999,6,10.5
433,19560601,19560630,5,1,19.5,15.5,12.2,2.82,6.16,2,-999,2,89.3,6,28.0,7.80,-999,6,18.5
433,19560701,19560731,5,1,23.3,19.1,14.5,2.95,4.65,2,-999,2,47.5,6,28.1,10.00,-999,6,11.0
433,19560801,19560831,5,1,19.8,16.0,12.3,2.84,5.68,2,-999,2,72.6,6,23.4,7.80,-999,6,23.9
433,19560901,19560930,5,1,19.9,15.2,10.8,2.73,3.78,2,-999,2,40.9,6,27.9,6.40,-999,6,11.4
433,19561001,19561031,5,1,12.8,9.7,7.1,2.83,5.69,2,-999,2,76.9,6,21.8,-4.30,-999,6,26.3
433,19561101,19561130,5,1,4.6,2.7,0.4,2.90,6.44,2,-999,2,53.3,6,9.3,-6.50,-999,6,11.2
433,19561201,19561231,5,1,4.5,2.6,0.6,2.96,6.31,2,-999,2,36.0,6,12.6,-10.80,-999,6,9.0
433,19570101,19570131,5,1,3.3,1.5,-0.9,3.00,6.12,2,-999,2,33.6,6,11.4,-9.00,-999,6,6.3
433,19570201,19570228,5,1,6.9,4.5,1.7,2.85,6.01,2,-999,2,40.8,6,12.3,-3.20,-999,6,11.7
433,19570301,19570331,5,1,10.8,6.2,2.4,2.94,4.79,2,-999,2,50.5,6,17.1,-3.60,-999,6,14.8
433,19570401,19570430,5,1,13.5,8.9,4.3,2.66,4.12,2,-999,2,7.4,6,23.7,-1.80,-999,6,2.2
433,19570501,19570531,5,1,16.2,11.6,6.2,2.60,4.20,2,-999,2,26.9,6,26.5,0.30,-999,6,17.6
433,19570601,19570630,5,1,23.9,19.0,13.0,2.68,4.02,2,-999,2,48.0,6,32.2,7.30,-999,6,25.5
433,19570701,19570731,5,1,23.7,19.6,15.5,2.66,5.43,2,-999,2,71.4,6,34.5,10.40,-999,6,12.2
433,19570801,19570831,5,1,20.8,16.3,12.3,2.71,5.11,2,-999,2,60.6,6,27.8,7.90,-999,6,20.4
433,19570901,19570930,5,1,16.6,12.4,8.8,2.82,5.48,2,-999,2,74.0,6,26.3,2.10,-999,6,16.7
433,19571001,19571031,5,1,13.8,10.2,7.0,2.67,5.62,2,-999,2,22.7,6,19.6,0.90,-999,6,7.0
433,19571101,19571130,5,1,7.8,5.3,3.3,3.03,6.48,2,-999,2,20.4,6,14.3,-2.70,-999,6,7.7
433,19571201,19571231,5,1,2.5,0.6,-1.7,3.05,6.50,2,-999,2,50.0,6,10.0,-13.60,-999,6,13.2
433,19580101,19580131,5,1,2.6,0.0,-2.6,2.99,5.25,2,-999,2,31.3,6,6.1,-11.80,-999,6,6.4
433,19580201,19580228,5,1,5.0,2.1,-0.7,3.55,6.38,2,-999,2,61.4,6,15.7,-10.00,-999,6,12.5
433,19580301,19580331,5,1,3.2,0.4,-2.3,2.87,6.33,2,-999,2,8.8,6,9.6,-8.30,-999,6,3.3
433,19580401,19580430,5,1,10.0,6.0,2.1,2.86,5.97,2,-999,2,38.9,6,18.0,-3.90,-999,6,8.6
433,19580501,19580531,5,1,19.0,14.6,10.1,2.88,5.68,2,-999,2,84.9,6,29.8,2.40,-999,6,33.9
433,19580601,19580630,5,1,19.8,15.8,11.5,2.50,5.70,2,-999,2,73.8,6,26.8,6.60,-999,6,12.0
433,19580701,19580731,5,1,23.6,18.8,14.0,2.87,4.78,2,-999,2,62.3,6,32.3,8.60,-999,6,21.6
433,19580801,19580831,5,1,22.7,18.1,13.6,2.50,4.51,2,-999,2,78.8,6,28.3,10.00,-999,6,27.7
433,19580901,19580930,5,1,20.0,15.3,11.2,2.55,4.40,2,-999,2,69.1,6,30.0,4.00,-999,6,32.6
433,19581001,19581031,5,1,14.1,10.7,7.6,2.65,5.91,2,-999,2,27.3,6,21.7,3.00,-999,6,6.0
433,19581101,19581130,5,1,6.9,4.8,2.8,2.11,6.84,2,-999,2,13.0,6,10.4,-1.70,-999,6,2.9
433,19581201,19581231,5,1,4.8,2.7,0.4,2.71,6.24,2,-999,2,33.5,6,11.4,-6.10,-999,6,8.5
433,19590101,19590131,5,1,3.2,0.6,-2.5,3.28,5.66,2,-999,2,31.1,6,12.2,-11.60,-999,6,7.6
433,19590201,19590228,5,1,3.5,0.5,-2.7,2.86,5.58,2,-999,2,2.2,6,16.2,-9.60,-999,6,1.1
433,19590301,19590331,5,1,11.7,7.1,2.9,2.72,4.97,2,-999,2,12.4,6,20.2,-2.60,-999,6,7.1
433,19590401,19590430,5,1,16.0,10.7,5.7,2.89,4.72,2,-999,2,43.9,6,23.8,-1.70,-999,6,16.6
433,19590501,19590531,5,1,19.5,14.6,9.2,2.49,4.54,2,-999,2,49.4,6,24.9,4.80,-999,6,20.6
433,19590601,19590630,5,1,23.5,18.3,12.4,2.82,4.18,2,-999,2,41.1,6,31.1,8.80,-999,6,25.6
433,19590701,19590731,5,1,25.4,20.9,16.1,2.49,4.84,2,-999,2,104.1,6,38.1,12.70,-999,6,39.3
433,19590801,19590831,5,1,24.0,19.4,15.2,2.46,4.95,2,-999,2,85.0,6,30.2,7.20,-999,6,30.3
433,19590901,19590930,5,1,20.4,14.8,8.8,2.16,2.64,2,-999,2,3.4,6,25.9,3.10,-999,6,2.3
433,19591001,19591031,5,1,14.7,9.5,4.9,2.59,3.60,2,-999,2,51.0,6,21.6,-0.40,-999,6,25.2
433,19591101,19591130,5,1,6.4,3.7,1.4,2.28,6.27,2,-999,2,24.3,6,11.4,-2.90,-999,6,8.1
433,19591201,19591231,5,1,3.7,1.5,-0.5,2.67,6.82,2,-999,2,51.0,6,10.5,-9.20,-999,6,16.0
433,19600101,19600131,5,1,2.9,0.4,-1.9,2.88,6.56,2,-999,2,45.3,6,9.1,-14.00,-999,6,8.8
433,19600201,19600229,5,1,2.7,-0.4,-3.6,2.77,5.68,2,-999,2,16.9,6,10.8,-12.70,-999,6,4.9
433,19600301,19600331,5,1,7.7,4.3,1.0,2.98,5.45,2,-999,2,16.0,6,16.9,-7.20,-999,6,4.6
433,19600401,19600430,5,1,12.3,7.7,3.2,2.96,4.75,2,-999,2,24.4,6,22.5,-1.90,-999,6,9.3
433,19600501,19600531,5,1,19.3,14.7,9.3,2.60,5.16,2,-999,2,20.7,6,24.2,0.80,-999,6,5.7
433,19600601,19600630,5,1,22.9,18.2,13.3,3.00,4.54,2,-999,2,44.7,6,28.4,9.20,-999,6,13.9
433,19600701,19600731,5,1,21.9,17.4,12.5,2.85,5.34,2,-999,2,71.8,6,30.0,7.40,-999,6,17.3
433,19600801,19600831,5,1,22.3,17.5,13.7,2.64,5.48,2,-999,2,63.5,6,33.3,8.00,-999,6,21.7
433,19600901,19600930,5,1,18.8,14.0,9.9,2.40,4.51,2,-999,2,21.6,6,25.5,5.00,-999,6,6.4
433,19601001,19601031,5,1,12.3,9.5,7.1,2.51,6.76,2,-999,2,109.9,6,21.3,3.20,-999,6,20.8
433,19601101,19601130,5,1,8.9,6.3,3.9,2.68,6.04,2,-999,2,80.2,6,16.0,-1.40,-999,6,12.9
433,19601201,19601231,5,1,4.1,2.5,0.8,2.61,7.13,2,-999,2,62.4,6,12.1,-3.80,-999,6,13.8
433,19610101,19610131,5,1,1.5,-1.0,-3.8,2.82,5.12,2,-999,2,48.3,6,8.0,-16.40,-999,6,7.2
433,19610201,19610228,5,1,8.2,4.8,1.9,2.75,6.02,2,-999,2,41.3,6,15.6,-3.90,-999,6,8.2
433,19610301,19610331,5,1,10.9,6.9,3.3,3.63,5.75,2,-999,2,58.2,6,19.5,-3.40,-999,6,23.8
433,19610401,19610430,5,1,16.4,11.5,6.5,2.70,4.94,2,-999,2,51.8,6,25.6,-0.60,-999,6,14.2
433,19610501,19610531,5,1,15.4,11.4,7.8,2.82,6.28,2,-999,2,119.7,6,24.2,3.70,-999,6,26.4
433,19610601,19610630,5,1,23.0,18.4,12.8,2.49,4.56,2,-999,2,77.2,6,31.0,7.00,-999,6,19.6
433,19610701,19610731,5,1,20.8,16.7,12.9,3.02,6.21,2,-999,2,68.8,6,33.5,9.00,-999,6,11.6
433,19610801,19610831,5,1,21.3,16.9,12.6,2.55,5.64,2,-999,2,45.4,6,28.5,9.40,-999,6,9.3
433,19610901,19610930,5,1,22.2,17.0,12.2,2.33,3.88,2,-999,2,39.5,6,30.7,6.40,-999,6,11.9
433,19611001,19611031,5,1,16.1,12.0,8.3,2.81,4.85,2,-999,2,32.6,6,23.2,3.80,-999,6,15.6
433,19611101,19611130,5,1,6.7,4.5,2.2,2.64,6.20,2,-999,2,73.1,6,12.8,-4.90,-999,6,23.2
433,19611201,19611231,5,1,1.5,-1.3,-4.6,2.73,5.69,2,-999,2,57.2,6,15.7,-17.50,-999,6,18.9
433,19620101,19620131,5,1,4.5,2.4,-0.0,3.46,6.53,2,-999,2,43.1,6,10.0,-10.20,-999,6,13.5
433,19620201,19620228,5,1,3.4,1.0,-1.7,3.66,6.58,2,-999,2,58.3,6,9.5,-11.40,-999,6,17.6
433,19620301,19620331,5,1,4.4,1.1,-2.3,2.73,5.75,2,-999,2,32.7,6,15.0,-9.40,-999,6,12.0
433,19620401,19620430,5,1,14.9,10.1,5.5,3.14,5.53,2,-999,2,20.3,6,28.2,0.80,-999,6,4.7
433,19620501,19620531,5,1,15.2,11.3,7.0,2.75,6.08,2,-999,2,39.0,6,21.0,-0.80,-999,6,6.2
433,19620601,19620630,5,1,20.6,15.6,10.0,2.99,4.44,2,-999,2,35.8,6,30.1,3.20,-999,6,8.8
433,19620701,19620731,5,1,20.6,16.1,11.9,2.52,5.19,2,-999,2,85.1,6,27.5,7.70,-999,6,20.5
433,19620801,19620831,5,1,20.9,16.6,12.7,2.94,5.74,2,-999,2,89.5,6,29.6,8.60,-999,6,27.3
433,19620901,19620930,5,1,17.2,12.9,8.6,2.69,4.93,2,-999,2,49.5,6,25.7,3.60,-999,6,15.7
433,19621001,19621031,5,1,13.8,10.0,6.6,2.31,5.57,2,-999,2,3.5,6,24.4,-0.10,-999,6,2.2
433,19621101,19621130,5,1,6.2,4.1,2.0,2.57,6.42,2,-999,2,27.2,6,15.1,-3.60,-999,6,15.2
433,19621201,19621231,5,1,-0.9,-2.8,-5.0,2.72,6.02,2,-999,2,41.6,6,6.2,-14.30,-999,6,11.1
433,19630101,19630131,5,1,-4.5,-7.3,-10.3,2.75,5.62,2,-999,2,23.0,6,3.2,-18.40,-999,6,5.5
433,19630201,19630228,5,1,-1.9,-4.5,-7.8,2.29,6.01,2,-999,2,6.1,6,1.6,-15.10,-999,6,1.3
433,19630301,19630331,5,1,7.4,3.1,-0.9,2.96,5.58,2,-999,2,19.1,6,13.1,-10.20,-999,6,3.7
433,19630401,19630430,5,1,13.6,9.3,4.9,2.50,5.14,2,-999,2,42.9,6,19.9,-2.00,-999,6,12.6
433,19630501,19630531,5,1,18.6,14.4,9.6,2.60,4.96,2,-999,2,28.6,6,25.6,4.40,-999,6,8.9
433,19630601,19630630,5,1,23.8,18.5,12.7,2.82,4.97,2,-999,2,30.1,6,33.3,7.50,-999,6,10.2
433,19630701,19630731,5,1,25.4,20.5,14.8,2.30,4.05,2,-999,2,36.3,6,33.2,9.50,-999,6,16.4
433,19630801,19630831,5,1,22.9,18.3,13.9,2.66,5.54,2,-999,2,60.8,6,34.9,8.60,-999,6,14.7
433,19630901,19630930,5,1,20.2,15.6,11.0,2.40,4.42,2,-999,2,23.1,6,26.0,5.50,-999,6,7.3
433,19631001,19631031,5,1,13.3,9.5,6.2,2.56,5.21,2,-999,2,15.7,6,21.3,-0.20,-999,6,4.5
433,19631101,19631130,5,1,10.8,8.0,5.5,2.99,6.32,2,-999,2,88.9,6,15.2,0.30,-999,6,17.0
433,19631201,19631231,5,1,-0.3,-2.6,-5.0,2.20,6.02,2,-999,2,9.5,6,5.6,-12.40,-999,6,3.3
433,19640101,19640131,5,1,0.3,-1.8,-4.7,2.40,5.40,2,-999,2,20.5,6,4.9,-14.30,-999,6,5.4
433,19640201,19640229,5,1,3.3,0.2,-3.0,3.29,5.08,2,-999,2,21.2,6,9.3,-9.70,-999,6,4.3
433,19640301,19640331,5,1,3.3,0.4,-2.6,2.63,5.49,2,-999,2,34.2,6,10.4,-10.20,-999,6,11.9
433,19640401,19640430,5,1,13.9,9.8,5.1,2.82,5.42,2,-999,2,41.2,6,23.8,-2.50,-999,6,6.3
433,19640501,19640531,5,1,19.4,14.9,9.4,2.51,4.79,2,-999,2,43.9,6,28.9,4.60,-999,6,12.1
433,19640601,19640630,5,1,24.7,19.5,13.7,2.56,4.19,2,-999,2,156.2,6,33.6,8.90,-999,6,80.8
433,19640701,19640731,5,1,24.4,19.6,13.9,2.66,4.83,2,-999,2,18.9,6,33.3,6.90,-999,6,4.9
433,19640801,19640831,5,1,21.4,17.0,12.4,2.74,5.11,2,-999,2,71.2,6,32.5,6.40,-999,6,20.0
433,19640901,19640930,5,1,19.6,14.7,10.2,2.85,4.13,2,-999,2,40.0,6,29.9,4.70,-999,6,11.3
433,19641001,19641031,5,1,11.6,8.2,5.0,2.59,5.67,2,-999,2,49.4,6,20.5,0.10,-999,6,11.4
433,19641101,19641130,5,1,7.7,5.5,3.1,2.93,6.59,2,-999,2,42.4,6,14.4,-2.40,-999,6,9.6
433,19641201,19641231,5,1,3.1,1.5,-0.9,2.80,6.89,2,-999,2,39.0,6,12.5,-7.80,-999,6,7.4
433,19650101,19650131,5,1,3.6,1.8,-0.2,2.82,6.72,2,-999,2,51.7,6,9.9,-4.20,-999,6,12.7
433,19650201,19650228,5,1,1.0,-0.9,-3.6,3.31,6.67,2,-999,2,25.6,6,5.1,-9.40,-999,6,6.1
433,19650301,19650331,5,1,6.3,2.6,-1.5,2.71,5.08,2,-999,2,46.9,6,14.8,-14.40,-999,6,21.8
433,19650401,19650430,5,1,12.0,8.2,4.2,2.70,6.08,2,-999,2,69.1,6,18.6,-0.30,-999,6,14.9
433,19650501,19650531,5,1,16.3,12.4,7.8,2.87,5.36,2,-999,2,56.2,6,22.3,1.90,-999,6,14.3
433,19650601,19650630,5,1,22.0,17.5,12.4,2.88,5.05,2,-999,2,49.3,6,27.9,7.40,-999,6,12.2
433,19650701,19650731,5,1,20.8,16.4,12.5,3.04,5.92,2,-999,2,106.8,6,30.1,7.80,-999,6,45.5
433,19650801,19650831,5,1,21.7,16.8,11.5,2.25,4.45,2,-999,2,26.0,6,29.6,7.40,-999,6,10.4
433,19650901,19650930,5,1,19.7,14.8,10.3,2.52,4.71,2,-999,2,56.6,6,26.7,5.60,-999,6,22.4
433,19651001,19651031,5,1,14.1,9.3,5.0,2.27,4.15,2,-999,2,14.6,6,23.1,-0.90,-999,6,7.4
433,19651101,19651130,5,1,3.3,0.9,-1.8,3.08,6.46,2,-999,2,54.3,6,13.2,-16.00,-999,6,17.2
433,19651201,19651231,5,1,5.1,2.8,0.4,3.34,6.86,2,-999,2,67.1,6,13.1,-5.30,-999,6,13.1
433,19660101,19660131,5,1,-0.6,-2.7,-5.3,2.62,7.06,2,-999,2,41.0,6,9.5,-13.40,-999,6,12.5
433,19660201,19660228,5,1,4.4,1.5,-1.6,3.02,6.64,2,-999,2,81.4,6,16.2,-13.50,-999,6,18.6
433,19660301,19660331,5,1,7.6,4.2,1.3,3.48,5.80,2,-999,2,42.8,6,12.0,-3.60,-999,6,8.0
433,19660401,19660430,5,1,13.9,9.6,5.2,2.63,5.81,2,-999,2,31.9,6,22.1,-1.20,-999,6,7.0
433,19660501,19660531,5,1,19.6,14.9,9.6,2.80,4.62,2,-999,2,44.5,6,28.4,4.50,-999,6,24.6
433,19660601,19660630,5,1,23.7,19.0,14.1,2.79,5.08,2,-999,2,185.7,6,31.4,6.80,-999,6,59.2
433,19660701,19660731,5,1,22.6,17.9,13.7,2.73,5.67,2,-999,2,76.3,6,29.4,10.00,-999,6,25.1
433,19660801,19660831,5,1,22.0,17.6,12.9,2.76,5.18,2,-999,2,92.8,6,33.3,8.10,-999,6,18.9
433,19660901,19660930,5,1,18.1,13.8,9.7,2.80,5.01,2,-999,2,20.8,6,27.3,4.00,-999,6,6.7
433,19661001,19661031,5,1,15.4,12.0,9.3,2.41,5.98,2,-999,2,29.9,6,28.1,-1.80,-999,6,13.0
433,19661101,19661130,5,1,5.7,3.2,0.7,2.76,6.56,2,-999,2,42.5,6,13.7,-4.50,-999,6,10.6
433,19661201,19661231,5,1,4.3,2.5,0.4,3.22,7.15,2,-999,2,88.1,6,11.3,-4.60,-999,6,8.0
433,19670101,19670131,5,1,3.2,0.7,-1.5,3.05,6.75,2,-999,2,57.4,6,8.9,-14.70,-999,6,14.7
433,19670201,19670228,5,1,6.5,3.4,0.7,3.69,5.74,2,-999,2,58.1,6,13.4,-7.80,-999,6,15.1
433,19670301,19670331,5,1,10.7,6.5,2.8,3.82,5.41,2,-999,2,53.8,6,18.1,0.00,-999,6,8.9
433,19670401,19670430,5,1,12.1,7.7,3.1,3.08,5.26,2,-999,2,17.7,6,18.4,-1.60,-999,6,5.3
433,19670501,19670531,5,1,19.5,14.8,9.6,2.57,4.95,2,-999,2,72.1,6,29.3,3.10,-999,6,24.6
433,19670601,19670630,5,1,21.1,16.7,11.4,2.59,5.01,2,-999,2,72.7,6,28.6,5.40,-999,6,12.3
433,19670701,19670731,5,1,25.4,20.8,15.2,2.33,4.54,2,-999,2,46.7,6,31.1,10.10,-999,6,19.8
433,19670801,19670831,5,1,22.8,18.3,13.8,2.49,4.99,2,-999,2,48.1,6,32.2,10.20,-999,6,9.7
433,19670901,19670930,5,1,19.9,15.9,12.3,2.37,5.95,2,-999,2,54.1,6,26.0,8.60,-999,6,13.0
433,19671001,19671031,5,1,16.4,12.2,8.6,3.17,5.42,2,-999,2,34.4,6,24.4,0.70,-999,6,8.0
433,19671101,19671130,5,1,7.8,5.0,2.2,2.86,5.91,2,-999,2,35.4,6,13.1,-2.70,-999,6,10.9
433,19671201,19671231,5,1,3.4,1.5,-0.9,3.39,6.86,2,-999,2,71.6,6,11.0,-9.30,-999,6,13.3
433,19680101,19680131,5,1,1.7,-0.8,-3.4,3.42,6.81,2,-999,2,55.6,6,9.8,-16.70,-999,6,17.1
433,19680201,19680229,5,1,3.3,1.0,-1.3,2.66,6.26,2,-999,2,23.0,6,9.2,-8.10,-999,6,8.0
433,19680301,19680331,5,1,9.6,5.5,1.6,3.44,5.00,2,-999,2,31.0,6,24.8,-7.00,-999,6,6.1
433,19680401,19680430,5,1,16.1,11.0,5.4,2.80,4.13,2,-999,2,18.8,6,31.3,-3.60,-999,6,10.4
433,19680501,19680531,5,1,16.4,12.2,7.6,2.74,5.62,2,-999,2,72.1,6,23.6,2.70,-999,6,22.4
433,19680601,19680630,5,1,23.9,19.0,13.5,2.87,4.70,2,-999,2,76.6,6,33.0,8.40,-999,6,36.2
433,19680701,19680731,5,1,23.0,18.2,13.1,2.55,4.57,2,-999,2,36.7,6,31.2,8.90,-999,6,16.7
433,19680801,19680831,5,1,24.1,19.0,14.3,2.58,4.96,2,-999,2,37.0,6,28.9,8.40,-999,6,9.3
433,19680901,19680930,5,1,19.2,14.9,11.4,2.43,5.00,2,-999,2,109.2,6,26.2,5.70,-999,6,40.2
433,19681001,19681031,5,1,14.2,10.8,7.8,2.70,6.23,2,-999,2,47.1,6,20.6,0.70,-999,6,10.0
433,19681101,19681130,5,1,6.8,4.6,2.7,2.56,6.58,2,-999,2,68.6,6,20.5,-5.70,-999,6,28.3
433,19681201,19681231,5,1,0.2,-1.8,-3.7,2.24,5.94,2,-999,2,24.8,6,7.3,-10.40,-999,6,7.0
433,19690101,19690131,5,1,1.7,-0.9,-3.5,2.77,6.62,2,-999,2,36.1,6,9.0,-13.30,-999,6,9.4
433,19690201,19690228,5,1,0.5,-2.2,-4.7,2.74,5.77,2,-999,2,45.2,6,9.6,-14.50,-999,6,21.7
433,19690301,19690331,5,1,3.2,0.1,-3.0,3.17,5.46,2,-999,2,45.5,6,9.1,-9.40,-999,6,13.0
433,19690401,19690430,5,1,12.5,8.1,3.7,2.66,4.94,2,-999,2,81.6,6,22.6,-1.70,-999,6,13.6
433,19690501,19690531,5,1,19.2,14.6,9.9,2.67,6.06,2,-999,2,77.6,6,29.8,3.90,-999,6,19.0
433,19690601,19690630,5,1,21.9,17.3,12.6,2.51,5.09,2,-999,2,77.3,6,28.2,6.30,-999,6,18.9
433,19690701,19690731,5,1,25.5,20.8,15.2,2.56,4.17,2,-999,2,6.7,6,33.9,8.60,-999,6,2.7
433,19690801,19690831,5,1,23.2,18.6,13.6,2.43,4.48,2,-999,2,130.8,6,31.7,7.10,-999,6,82.0
433,19690901,19690930,5,1,20.2,15.4,10.5,2.48,3.71,2,-999,2,5.0,6,26.5,4.40,-999,6,2.0
433,19691001,19691031,5,1,15.2,11.1,7.4,2.53,4.89,2,-999,2,16.4,6,22.6,4.20,-999,6,4.0
433,19691101,19691130,5,1,9.0,6.3,3.4,3.54,6.12,2,-999,2,65.4,6,16.4,-4.60,-999,6,14.9
433,19691201,19691231,5,1,-3.1,-5.5,-8.0,2.41,6.57,2,-999,2,17.0,6,1.8,-20.50,-999,6,6.0
433,19700101,19700131,5,1,-1.9,-4.1,-6.8,2.46,6.02,2,-999,2,48.6,6,4.4,-15.70,-999,6,17.6
433,19700201,19700228,5,1,0.7,-1.5,-4.2,2.88,6.72,2,-999,2,67.7,6,5.3,-16.70,-999,6,7.1
433,19700301,19700331,5,1,5.0,1.7,-1.4,3.19,5.77,2,-999,2,64.1,6,12.4,-6.90,-999,6,9.5
433,19700401,19700430,5,1,9.9,6.4,3.2,3.13,6.62,2,-999,2,86.5,6,17.7,-2.60,-999,6,16.7
433,19700501,19700531,5,1,17.6,13.3,8.5,2.74,4.98,2,-999,2,45.3,6,26.3,0.60,-999,6,7.7
433,19700601,19700630,5,1,24.8,19.7,13.7,2.71,3.53,2,-999,2,31.8,6,31.2,7.70,-999,6,10.1
433,19700701,19700731,5,1,22.5,18.1,13.2,2.88,5.16,2,-999,2,59.4,6,30.6,9.70,-999,6,14.6
433,19700801,19700831,5,1,24.3,19.5,14.1,2.31,4.37,2,-999,2,37.0,6,28.6,9.50,-999,6,26.8
433,19700901,19700930,5,1,18.9,14.0,9.4,2.76,4.51,2,-999,2,39.0,6,29.6,1.80,-999,6,11.9
433,19701001,19701031,5,1,12.9,9.9,6.8,2.72,6.28,2,-999,2,61.3,6,23.0,0.40,-999,6,9.0
433,19701101,19701130,5,1,8.6,6.0,3.3,3.04,6.34,2,-999,2,61.5,6,15.3,-4.20,-999,6,14.3
433,19701201,19701231,5,1,3.8,2.0,-0.1,2.96,6.83,2,26.4,2,31.2,6,10.0,-9.00,-999,6,8.1
433,19710101,19710131,5,1,1.9,-0.7,-3.7,2.65,4.81,2,78.3,2,22.4,6,10.7,-17.60,19.6,6,5.6
433,19710201,19710228,5,1,5.2,2.5,-0.2,3.21,6.31,2,55.1,2,23.3,6,9.1,-8.40,19.6,6,3.8
433,19710301,19710331,5,1,5.9,2.4,-1.3,2.95,5.71,2,128.0,2,19.6,6,16.5,-11.70,30.4,6,5.5
433,19710401,19710430,5,1,13.2,8.6,4.0,2.78,4.76,2,173.8,2,24.0,6,21.0,-1.80,24.7,6,8.1
433,19710501,19710531,5,1,20.8,15.9,9.9,2.54,4.39,2,261.9,2,78.3,6,32.3,0.40,15.4,6,23.9
433,19710601,19710630,5,1,19.7,15.5,11.7,2.77,6.16,2,159.3,2,137.8,6,27.6,8.50,21.1,6,23.2
433,19710701,19710731,5,1,25.1,20.2,14.4,2.62,3.82,2,331.0,2,9.4,6,33.6,9.60,18.0,6,5.5
433,19710801,19710831,5,1,26.1,20.6,15.1,2.81,3.88,2,258.4,2,10.4,6,33.4,9.80,19.1,6,4.2
433,19710901,19710930,5,1,17.8,13.4,9.4,2.49,4.89,2,174.5,2,53.0,6,23.2,2.60,16.5,6,14.7
433,19711001,19711031,5,1,14.6,10.3,6.1,2.84,4.38,2,167.3,2,30.0,6,21.9,0.00,27.8,6,9.0
433,19711101,19711130,5,1,7.3,4.8,2.1,3.34,6.31,2,47.9,2,30.0,6,16.6,-5.60,24.7,6,8.4
433,19711201,19711231,5,1,6.7,5.0,2.8,3.25,7.16,2,8.0,2,52.2,6,12.6,-3.70,22.7,6,11.4
433,19720101,19720131,5,1,-1.6,-3.4,-5.4,2.77,5.89,2,53.2,2,13.0,6,4.2,-15.70,17.0,6,6.6
433,19720201,19720229,5,1,4.8,2.1,-0.8,2.46,5.42,2,73.5,2,4.1,6,11.6,-9.80,13.4,6,2.4
433,19720301,19720331,5,1,10.4,6.2,1.4,3.32,4.85,2,162.2,2,31.2,6,18.6,-7.40,26.8,6,8.5
433,19720401,19720430,5,1,12.3,8.7,4.7,3.16,5.94,2,124.7,2,31.4,6,21.6,-2.50,21.6,6,5.0
433,19720501,19720531,5,1,16.5,12.7,8.6,2.99,6.08,2,162.5,2,118.3,6,23.4,5.10,21.6,6,41.4
433,19720601,19720630,5,1,21.3,16.8,11.8,2.63,5.07,2,225.1,2,90.7,6,31.2,7.40,17.0,6,28.9
433,19720701,19720731,5,1,24.8,20.2,15.2,2.62,4.64,2,222.8,2,45.7,6,32.1,9.40,18.5,6,15.8
433,19720801,19720831,5,1,21.6,17.4,13.1,2.64,5.05,2,218.9,2,113.8,6,28.2,8.60,26.8,6,36.9
433,19720901,19720930,5,1,16.8,12.3,8.2,2.16,4.77,2,168.1,2,44.9,6,25.9,3.70,16.5,6,14.0
433,19721001,19721031,5,1,11.8,7.9,3.9,2.40,4.82,2,135.5,2,17.5,6,17.9,-0.70,21.1,6,6.3
433,19721101,19721130,5,1,7.4,5.5,3.2,3.47,6.59,2,34.3,2,44.2,6,13.4,-2.70,40.2,6,6.4
433,19721201,19721231,5,1,4.1,1.6,-1.3,2.67,3.80,2,92.0,2,11.6,6,10.1,-9.40,15.4,6,4.8
433,19730101,19730131,5,1,2.2,0.5,-1.7,2.47,6.57,2,24.0,2,30.5,6,6.3,-8.60,14.4,6,6.5
433,19730201,19730228,5,1,4.8,2.8,0.8,3.33,6.83,2,45.3,2,31.4,6,8.9,-4.60,19.1,6,5.8
433,19730301,19730331,5,1,9.7,5.9,1.8,2.72,4.89,2,155.6,2,13.7,6,20.1,-4.40,18.0,6,5.2
433,19730401,19730430,5,1,10.2,6.5,2.5,3.06,5.70,2,131.4,2,63.3,6,18.6,-2.10,24.7,6,14.0
433,19730501,19730531,5,1,18.5,13.7,8.5,2.50,4.88,2,209.7,2,61.2,6,26.2,3.70,22.2,6,9.5
433,19730601,19730630,5,1,22.7,17.8,12.2,2.64,4.21,2,270.8,2,25.0,6,32.2,7.10,16.5,6,15.5
433,19730701,19730731,5,1,24.0,19.6,14.6,2.62,4.75,2,230.6,2,85.5,6,31.2,9.40,18.0,6,20.0
433,19730801,19730831,5,1,24.2,19.0,13.2,2.21,3.32,2,286.9,2,34.7,6,31.3,7.70,19.6,6,11.1
433,19730901,19730930,5,1,19.3,14.9,10.4,2.46,4.45,2,148.1,2,39.4,6,31.5,4.40,17.5,6,10.6
433,19731001,19731031,5,1,11.6,8.2,4.8,2.57,5.61,2,100.4,2,51.3,6,21.9,-2.00,19.6,6,8.7
433,19731101,19731130,5,1,6.9,3.9,0.8,3.90,5.29,2,93.8,2,54.9,6,14.2,-6.60,30.4,6,7.9
433,19731201,19731231,5,1,2.8,0.8,-1.9,3.37,5.78,2,41.2,2,55.6,6,7.3,-9.00,27.8,6,10.1
433,19740101,19740131,5,1,5.8,3.7,1.1,2.98,6.09,2,41.0,2,39.2,6,12.3,-2.70,26.3,6,7.9
433,19740201,19740228,5,1,6.2,4.0,1.1,2.90,6.12,2,56.9,2,68.7,6,14.3,-3.60,24.7,6,28.4
433,19740301,19740331,5,1,11.0,6.3,1.3,2.88,4.11,2,179.1,2,15.0,6,19.1,-2.60,19.1,6,9.6
433,19740401,19740430,5,1,14.3,9.1,3.4,2.71,4.07,2,220.7,2,15.8,6,22.7,-2.60,16.0,6,5.9
433,19740501,19740531,5,1,16.7,12.4,7.6,2.75,5.17,2,203.8,2,66.4,6,24.7,2.30,17.5,6,16.9
433,19740601,19740630,5,1,20.0,15.7,10.9,2.40,5.31,2,207.5,2,65.3,6,27.3,5.50,17.5,6,23.7
433,19740701,19740731,5,1,20.9,16.7,12.6,3.18,5.94,2,166.1,2,54.5,6,25.4,8.90,19.6,6,14.5
433,19740801,19740831,5,1,23.8,19.0,14.1,2.34,4.47,2,225.2,2,86.3,6,34.9,10.60,25.2,6,37.8
433,19740901,19740930,5,1,19.5,14.8,10.4,2.61,4.68,2,182.9,2,37.2,6,26.6,4.80,22.2,6,11.7
433,19741001,19741031,5,1,9.5,7.3,4.5,3.02,6.65,2,47.2,2,143.8,6,14.0,1.10,19.6,6,29.9
433,19741101,19741130,5,1,8.0,5.9,3.5,3.10,6.61,2,24.6,2,61.6,6,14.0,-0.20,19.6,6,31.6
433,19741201,19741231,5,1,7.6,5.6,3.1,3.77,6.52,2,34.0,2,130.3,6,12.7,-5.40,29.9,6,11.6
433,19750101,19750131,5,1,7.4,5.4,2.8,3.31,5.95,2,54.2,2,50.8,6,10.1,-1.90,23.7,6,11.8
433,19750201,19750228,5,1,4.9,1.6,-1.6,2.01,5.04,2,97.9,2,10.1,6,9.3,-6.20,13.9,6,6.3
433,19750301,19750331,5,1,8.5,4.7,1.2,2.95,5.22,2,127.8,2,24.1,6,17.6,-3.00,22.2,6,4.8
433,19750401,19750430,5,1,11.6,7.9,3.5,2.83,5.40,2,146.3,2,45.9,6,24.9,-2.80,24.7,6,12.7
433,19750501,19750531,5,1,18.4,13.6,8.3,2.86,4.58,2,257.0,2,21.8,6,26.6,3.50,16.5,6,8.7
433,19750601,19750630,5,1,21.9,17.1,11.8,2.75,4.81,2,233.6,2,27.1,6,30.0,4.20,22.2,6,7.4
433,19750701,19750731,5,1,25.5,20.6,15.4,2.60,4.40,2,251.7,2,70.7,6,31.3,11.20,17.5,6,35.0
433,19750801,19750831,5,1,25.8,20.9,15.3,2.21,3.47,2,287.4,2,74.3,6,33.2,9.70,12.4,6,35.5
433,19750901,19750930,5,1,22.1,17.2,12.5,2.21,3.85,2,176.3,2,39.0,6,29.2,7.60,22.2,6,19.1
433,19751001,19751031,5,1,10.8,8.3,5.9,2.58,6.34,2,61.5,2,29.1,6,20.5,-0.70,18.5,6,6.9
433,19751101,19751130,5,1,5.8,3.2,0.6,2.68,5.60,2,60.9,2,32.8,6,13.5,-8.40,23.2,6,9.0
433,19751201,19751231,5,1,4.7,3.0,0.7,3.39,6.50,2,18.8,2,36.7,6,9.1,-7.00,24.7,6,8.5
433,19760101,19760131,5,1,3.5,0.8,-1.8,3.71,6.15,2,49.2,2,118.5,6,9.4,-11.60,34.0,6,15.8
433,19760201,19760229,5,1,3.3,0.3,-2.9,2.73,4.62,2,109.0,2,10.8,6,13.0,-11.40,13.4,6,6.6
433,19760301,19760331,5,1,4.6,1.5,-1.7,3.05,5.13,2,118.7,2,15.8,6,15.7,-6.40,29.9,6,4.4
433,19760401,19760430,5,1,12.6,8.1,3.4,2.80,4.42,2,200.9,2,5.6,6,22.1,-1.40,19.6,6,2.0
433,19760501,19760531,5,1,18.9,13.9,8.7,2.65,4.21,2,254.4,2,35.4,6,28.3,2.90,24.7,6,8.8
433,19760601,19760630,5,1,23.3,18.6,12.4,2.63,3.73,2,306.8,2,64.5,6,32.2,7.90,18.0,6,33.5
433,19760701,19760731,5,1,25.9,21.0,15.2,2.55,4.25,2,273.9,2,28.7,6,35.5,11.00,14.9,6,8.0
433,19760801,19760831,5,1,23.3,18.1,12.4,2.41,4.05,2,256.1,2,41.5,6,29.5,9.20,17.5,6,22.1
433,19760901,19760930,5,1,18.4,14.1,10.1,2.33,5.32,2,134.8,2,40.7,6,26.3,5.80,18.5,6,8.9
433,19761001,19761031,5,1,12.7,9.6,6.9,2.57,5.86,2,78.2,2,26.5,6,22.0,0.60,17.0,6,11.8
433,19761101,19761130,5,1,7.9,5.8,3.2,2.63,6.00,2,49.3,2,35.2,6,16.2,-3.40,14.4,6,5.5
433,19761201,19761231,5,1,2.0,-0.0,-2.2,2.96,6.19,2,34.7,2,21.4,6,12.0,-12.90,27.8,6,3.2
433,19770101,19770131,5,1,2.6,0.9,-1.3,2.49,6.97,2,16.1,2,33.3,6,11.1,-6.20,19.1,6,4.6
433,19770201,19770228,5,1,6.0,3.0,-0.1,2.66,6.07,2,52.6,2,46.4,6,12.3,-8.10,19.6,6,7.0
433,19770301,19770331,5,1,9.7,6.6,3.5,3.01,6.23,2,87.3,2,43.3,6,17.3,-5.00,25.8,6,12.9
433,19770401,19770430,5,1,10.4,6.8,2.9,3.28,6.09,2,139.2,2,73.1,6,16.8,-3.90,22.2,6,16.8
433,19770501,19770531,5,1,17.7,13.4,7.8,2.86,4.63,2,264.1,2,51.7,6,28.9,2.80,23.7,6,16.5
433,19770601,19770630,5,1,22.3,17.9,13.1,2.43,5.39,2,202.3,2,88.7,6,31.5,3.00,17.0,6,17.9
433,19770701,19770731,5,1,21.7,17.6,13.4,2.87,5.38,2,212.2,2,47.0,6,28.3,9.60,14.4,6,8.6
433,19770801,19770831,5,1,21.4,17.4,13.3,2.25,5.55,2,149.0,2,78.9,6,26.7,9.30,13.9,6,28.0
433,19770901,19770930,5,1,16.7,12.7,9.0,2.48,4.55,2,159.0,2,99.2,6,25.3,2.10,19.1,6,39.6
433,19771001,19771031,5,1,14.7,10.7,7.1,2.10,5.20,2,110.6,2,38.2,6,23.4,1.60,20.1,6,10.6
433,19771101,19771130,5,1,8.7,6.5,4.0,3.52,6.48,2,43.5,2,69.6,6,16.3,-2.80,24.2,6,12.9
433,19771201,19771231,5,1,5.0,3.0,0.7,3.07,6.68,2,26.3,2,46.7,6,16.0,-5.20,25.8,6,10.2
433,19780101,19780131,5,1,3.5,1.7,-0.6,3.03,6.62,2,37.7,2,25.1,6,6.6,-5.30,27.3,6,4.1
433,19780201,19780228,5,1,2.3,-0.5,-3.9,2.37,5.77,2,74.7,2,16.3,6,15.3,-12.70,13.4,6,5.4
433,19780301,19780331,5,1,9.8,6.0,2.1,3.17,5.64,2,125.2,2,48.4,6,20.3,-4.30,24.2,6,9.0
433,19780401,19780430,5,1,12.3,7.8,2.3,2.50,4.48,2,188.4,2,8.0,6,17.8,-3.00,14.4,6,5.3
433,19780501,19780531,5,1,18.2,13.6,8.3,2.56,4.55,2,226.4,2,47.6,6,27.7,-1.60,17.5,6,9.1
433,19780601,19780630,5,1,21.9,17.1,11.9,2.62,4.77,2,231.3,2,58.5,6,30.2,6.50,19.6,6,18.1
433,19780701,19780731,5,1,21.5,17.5,12.9,2.77,4.90,2,200.8,2,30.6,6,31.5,7.90,15.4,6,10.0
433,19780801,19780831,5,1,21.5,17.2,13.2,2.78,4.59,2,197.1,2,159.5,6,32.0,6.40,22.2,6,119.5
433,19780901,19780930,5,1,15.8,12.7,9.9,3.43,6.21,2,73.2,2,110.1,6,23.6,3.10,22.2,6,28.4
433,19781001,19781031,5,1,13.6,10.5,7.5,2.65,5.20,2,91.6,2,48.7,6,22.0,0.60,18.0,6,11.2
433,19781101,19781130,5,1,8.0,5.8,3.4,2.90,6.12,2,50.2,2,10.6,6,12.2,-2.40,20.6,6,2.8
433,19781201,19781231,5,1,2.2,-0.5,-2.8,2.82,6.25,2,32.3,2,82.0,6,9.4,-19.50,14.9,6,11.2
433,19790101,19790131,5,1,-1.7,-3.6,-6.1,3.07,6.39,2,31.5,2,29.1,6,3.1,-19.90,18.0,6,4.4
433,19790201,19790228,5,1,-0.1,-2.6,-5.4,2.98,5.91,2,71.3,2,28.9,6,4.5,-11.30,24.7,6,7.8
433,19790301,19790331,5,1,6.9,3.7,0.8,3.25,6.01,2,86.6,2,58.1,6,16.7,-3.50,20.1,6,7.8
433,19790401,19790430,5,1,11.8,7.9,3.7,2.86,5.19,2,134.3,2,25.8,6,19.2,-1.80,17.5,6,4.0
433,19790501,19790531,5,1,19.5,14.5,9.0,2.60,4.17,2,261.0,2,63.3,6,30.5,0.60,22.7,6,19.3
433,19790601,19790630,5,1,23.6,19.1,14.2,2.47,4.58,2,235.8,2,59.0,6,31.7,7.60,16.0,6,21.5
433,19790701,19790731,5,1,19.9,16.1,12.1,2.78,5.45,2,148.7,2,68.7,6,27.0,9.00,19.6,6,16.8
433,19790801,19790831,5,1,22.4,17.8,13.1,2.38,4.33,2,229.3,2,41.1,6,30.3,8.40,22.7,6,23.9
433,19790901,19790930,5,1,19.1,14.6,10.6,2.48,4.72,2,151.4,2,37.7,6,29.3,3.70,22.7,6,14.0
433,19791001,19791031,5,1,12.8,8.3,4.4,2.82,3.63,2,181.8,2,15.2,6,21.7,-2.60,23.7,6,7.5
433,19791101,19791130,5,1,6.7,4.6,2.3,2.92,6.26,2,36.5,2,80.9,6,13.5,-2.80,19.1,6,15.5
433,19791201,19791231,5,1,6.1,4.2,1.9,3.19,6.22,2,24.6,2,72.8,6,13.4,-4.60,25.2,6,11.1
433,19800101,19800131,5,1,-1.2,-3.6,-6.4,2.24,5.57,2,46.5,2,17.7,6,7.7,-14.50,17.0,6,3.4
433,19800201,19800229,5,1,4.1,1.3,-1.4,2.51,5.57,2,60.4,2,30.1,6,9.5,-4.50,21.6,6,5.5
433,19800301,19800331,5,1,6.2,2.6,-0.7,3.19,5.01,2,102.5,2,23.6,6,16.2,-8.20,23.7,6,5.4
433,19800401,19800430,5,1,11.6,7.1,2.5,2.89,4.53,2,142.7,2,88.0,6,20.8,-1.60,31.9,6,19.9
433,19800501,19800531,5,1,16.5,11.8,6.0,2.62,3.90,2,308.0,2,19.9,6,25.5,-0.40,19.6,6,11.6
433,19800601,19800630,5,1,21.1,16.7,12.3,2.74,5.07,2,211.4,2,111.9,6,30.3,6.60,25.8,6,39.9
433,19800701,19800731,5,1,20.6,16.8,13.3,2.66,5.55,2,140.8,2,120.7,6,26.3,9.30,18.5,6,29.7
433,19800801,19800831,5,1,21.6,17.4,13.6,2.85,4.41,2,210.0,2,73.6,6,31.4,7.40,25.8,6,18.0
433,19800901,19800930,5,1,19.1,14.6,10.3,2.27,3.74,2,179.6,2,35.1,6,25.3,5.50,27.8,6,6.5
433,19801001,19801031,5,1,12.7,9.3,6.2,3.03,5.46,2,109.5,2,51.3,6,18.6,0.60,21.1,6,15.5
433,19801101,19801130,5,1,5.9,3.9,1.6,3.38,6.55,2,35.7,2,39.1,6,14.1,-4.40,26.8,6,13.2
433,19801201,19801231,5,1,3.8,2.0,-0.5,3.31,6.12,2,32.5,2,42.5,6,11.7,-12.50,20.1,6,6.5
433,19810101,19810131,10,1,1.5,-0.5,-2.9,3.12,6.09,2,40.9,2,50.6,6,8.6,-10.60,27.3,6,10.7
433,19810201,19810228,10,1,3.4,1.0,-1.3,3.26,5.66,2,67.6,2,23.3,6,10.3,-8.90,24.7,6,6.6
433,19810301,19810331,10,1,10.6,7.1,3.8,3.06,6.39,2,60.8,2,116.6,6,19.8,-3.30,23.2,6,32.4
433,19810401,19810430,10,1,13.2,8.5,3.6,2.89,4.39,2,196.8,2,21.5,6,22.8,-3.10,20.1,6,9.7
433,19810501,19810531,10,1,20.2,15.5,9.9,2.57,4.04,2,264.4,2,30.5,6,27.4,1.60,24.7,6,9.2
433,19810601,19810630,10,1,21.5,17.3,13.0,2.86,5.41,2,179.5,2,65.1,6,30.7,7.30,22.2,6,17.6
433,19810701,19810731,10,1,22.4,18.4,14.5,2.57,5.67,2,147.4,2,68.0,6,30.8,11.90,17.0,6,27.0
433,19810801,19810831,10,1,21.7,17.6,13.5,2.55,4.75,2,173.2,2,43.9,6,31.5,8.40,21.1,6,12.4
433,19810901,19810930,10,1,20.3,15.5,10.9,2.16,4.37,2,166.3,2,40.2,6,28.1,4.90,16.0,6,26.2
433,19811001,19811031,10,1,12.5,9.3,6.1,2.87,5.96,2,86.4,2,71.1,6,21.1,-0.40,26.8,6,11.4
433,19811101,19811130,10,1,8.0,5.3,2.8,3.52,6.05,2,56.3,2,54.5,6,15.8,-3.10,26.3,6,12.6
433,19811201,19811231,10,1,-0.6,-2.4,-4.8,2.83,6.42,2,38.2,2,61.3,6,6.9,-15.60,19.6,6,18.8
433,19820101,19820131,10,1,0.7,-2.2,-5.1,2.63,5.25,2,60.2,2,44.9,6,10.2,-15.10,21.6,6,12.9
433,19820201,19820228,10,1,3.4,0.2,-2.9,2.36,3.64,2,108.2,2,12.2,6,9.8,-7.00,13.4,6,6.5
433,19820301,19820331,10,1,9.9,5.7,1.7,3.00,4.39,2,160.5,2,35.0,6,18.9,-3.10,23.7,6,11.1
433,19820401,19820430,10,1,12.8,8.0,2.8,3.00,3.90,2,204.3,2,25.8,6,21.5,-1.40,24.2,6,5.0
433,19820501,19820531,10,1,19.1,14.4,8.9,2.41,4.32,2,258.2,2,70.2,6,27.6,2.30,21.6,6,14.6
433,19820601,19820630,10,1,22.3,17.8,13.0,2.70,4.47,2,224.2,2,41.0,6,33.2,7.70,20.1,6,9.2
433,19820701,19820731,10,1,26.0,21.1,15.0,2.44,3.32,2,322.6,2,33.8,6,32.5,11.50,18.0,6,25.8
433,19820801,19820831,10,1,25.3,20.3,15.1,2.59,4.22,2,236.9,2,15.5,6,31.6,10.40,22.7,6,9.8
433,19820901,19820930,10,1,23.5,17.7,12.5,2.29,3.04,2,227.0,2,8.2,6,28.9,9.20,16.0,6,5.1
433,19821001,19821031,10,1,14.9,11.1,7.8,2.60,4.77,2,111.6,2,39.1,6,22.0,3.20,19.1,6,10.2
433,19821101,19821130,10,1,9.7,6.9,4.0,2.85,4.81,2,73.9,2,31.6,6,15.3,-2.80,25.2,6,10.4
433,19821201,19821231,10,1,5.1,3.0,0.6,3.15,6.10,2,38.6,2,43.1,6,12.5,-4.50,28.3,6,9.5
433,19830101,19830131,10,1,7.3,5.2,2.7,4.06,6.56,2,27.7,2,81.4,6,14.1,-1.50,31.4,6,14.8
433,19830201,19830228,10,1,2.3,-0.4,-3.3,2.72,5.15,2,73.3,2,18.0,6,11.9,-10.90,28.8,6,6.9
433,19830301,19830331,10,1,8.9,5.7,2.8,3.11,6.26,2,72.4,2,28.8,6,12.8,-3.00,29.4,6,5.1
433,19830401,19830430,10,1,14.0,9.8,5.7,2.60,5.43,2,128.8,2,72.7,6,22.2,0.80,23.7,6,27.4
433,19830501,19830531,10,1,17.7,13.7,9.5,2.36,5.64,2,153.2,2,123.5,6,26.3,4.00,26.3,6,28.0
433,19830601,19830630,10,1,22.8,18.1,12.1,2.43,4.29,2,252.1,2,10.5,6,30.6,5.70,14.9,6,4.9
433,19830701,19830731,10,1,27.5,22.1,15.8,2.77,3.42,2,320.7,2,13.1,6,32.6,9.10,21.1,6,7.0
433,19830801,19830831,10,1,24.9,19.8,14.5,2.22,3.55,2,255.0,2,69.9,6,36.1,10.10,17.0,6,21.9
433,19830901,19830930,10,1,19.6,15.1,11.4,2.97,4.73,2,123.3,2,40.6,6,30.0,6.60,25.2,6,7.7
433,19831001,19831031,10,1,13.6,10.2,6.8,3.19,5.46,2,89.9,2,39.6,6,23.6,-0.70,25.8,6,14.8
433,19831101,19831130,10,1,7.7,4.8,2.0,2.62,5.51,2,74.5,2,51.7,6,14.7,-5.00,21.1,6,19.6
433,19831201,19831231,10,1,3.1,1.1,-1.4,2.90,5.00,2,58.4,2,65.4,6,11.4,-10.20,21.6,6,15.0
433,19840101,19840131,10,1,4.0,1.9,-0.2,3.42,5.87,2,38.7,2,72.8,6,8.9,-5.50,35.5,6,10.5
433,19840201,19840229,10,1,2.9,0.5,-2.1,2.85,5.12,2,72.1,2,34.6,6,9.3,-9.10,25.8,6,8.8
433,19840301,19840331,10,1,6.6,2.8,-0.8,2.76,4.03,2,156.2,2,9.8,6,15.1,-5.50,17.0,6,4.2
433,19840401,19840430,10,1,13.1,8.9,4.0,2.42,4.83,2,187.5,2,39.8,6,22.2,0.20,19.1,6,17.3
433,19840501,19840531,10,1,17.7,13.7,9.3,2.60,5.73,2,162.7,2,80.7,6,24.6,3.60,17.0,6,17.8
433,19840601,19840630,10,1,18.4,15.0,11.3,3.05,5.72,2,134.5,2,64.9,6,26.4,5.60,24.2,6,11.5
433,19840701,19840731,10,1,20.6,16.9,12.9,2.76,5.32,2,157.7,2,34.2,6,36.4,8.40,21.1,6,6.8
433,19840801,19840831,10,1,23.9,19.2,14.3,2.13,3.61,2,251.5,2,35.2,6,30.2,9.80,12.9,6,13.3
433,19840901,19840930,10,1,17.1,13.5,10.2,2.89,5.83,2,108.6,2,59.0,6,25.5,4.60,21.6,6,10.5
433,19841001,19841031,10,1,14.7,11.3,8.1,2.74,5.43,2,100.8,2,48.7,6,20.8,1.40,24.2,6,18.4
433,19841101,19841130,10,1,7.1,4.6,1.9,2.89,5.21,2,75.9,2,47.6,6,13.8,-3.20,36.0,6,19.5
433,19841201,19841231,10,1,2.5,0.7,-1.3,2.58,6.05,2,29.1,2,29.0,6,9.1,-6.50,26.8,6,6.6
433,19850101,19850131,10,1,-2.8,-5.0,-7.6,2.88,5.93,2,42.8,2,31.4,6,6.9,-17.90,17.5,6,6.7
433,19850201,19850228,10,1,0.5,-2.8,-5.8,3.01,4.99,2,99.3,2,23.2,6,9.1,-15.20,23.2,6,13.8
433,19850301,19850331,10,1,7.0,4.0,1.2,2.69,6.25,2,73.1,2,18.5,6,13.5,-2.80,23.7,6,2.9
433,19850401,19850430,10,1,13.1,8.8,5.0,3.00,5.21,2,158.1,2,63.4,6,24.5,0.10,20.6,6,7.2
433,19850501,19850531,10,1,20.3,15.6,10.2,2.61,4.35,2,242.9,2,27.9,6,29.7,1.90,21.1,6,6.6
433,19850601,19850630,10,1,19.2,15.2,11.4,2.71,5.86,2,175.2,2,73.6,6,30.8,7.00,23.2,6,11.8
433,19850701,19850731,10,1,23.4,19.0,14.2,2.69,4.35,2,265.9,2,38.0,6,31.3,10.30,22.6,6,9.0
433,19850801,19850831,10,1,23.4,18.4,13.7,2.27,4.53,2,220.7,2,58.9,6,32.3,8.70,25.7,6,23.1
433,19850901,19850930,10,1,18.4,14.3,10.6,3.10,5.02,2,160.7,2,51.9,6,26.1,6.90,21.6,6,18.7
433,19851001,19851031,10,1,13.3,9.9,6.8,2.25,5.23,2,98.9,2,6.2,6,27.0,-2.20,16.5,6,1.5
433,19851101,19851130,10,1,4.1,2.0,-0.4,2.91,6.43,2,41.5,2,27.4,6,17.0,-5.60,27.3,6,6.6
433,19851201,19851231,10,1,6.8,4.4,2.0,3.14,6.53,2,28.5,2,58.9,6,14.3,-9.30,27.8,6,7.5
433,19860101,19860131,10,1,2.7,0.6,-1.9,3.41,6.34,2,34.2,2,54.9,6,10.1,-12.50,32.9,6,11.8
433,19860201,19860228,10,1,-3.0,-6.4,-9.9,2.68,4.03,2,96.7,2,9.6,6,3.7,-17.40,18.0,6,4.9
433,19860301,19860331,10,1,7.3,3.8,0.3,2.93,5.00,2,106.5,2,52.9,6,17.0,-11.50,26.2,6,12.1
433,19860401,19860430,10,1,10.8,7.4,3.9,2.57,6.11,2,94.5,2,44.2,6,19.6,-4.90,24.7,6,6.4
433,19860501,19860531,10,1,20.7,15.9,10.8,2.46,4.55,2,238.1,2,66.4,6,28.2,6.20,20.8,6,14.5
433,19860601,19860630,10,1,21.6,17.4,12.0,2.52,3.46,2,274.7,2,93.2,6,30.2,6.00,16.0,6,31.7
433,19860701,19860731,10,1,23.9,19.4,14.6,2.40,4.76,2,217.2,2,44.3,6,32.7,9.50,19.6,6,13.2
433,19860801,19860831,10,1,22.6,18.2,13.8,2.16,4.22,2,198.1,2,51.7,6,35.0,9.00,16.0,6,11.0
433,19860901,19860930,10,1,16.1,12.3,8.7,2.49,5.69,2,120.7,2,51.5,6,22.6,4.50,18.0,6,31.0
433,19861001,19861031,10,1,14.3,10.3,6.6,2.62,4.31,2,134.9,2,35.9,6,20.5,2.00,31.9,6,11.9
433,19861101,19861130,10,1,9.9,7.1,4.5,2.74,4.84,2,88.2,2,24.4,6,13.7,-2.00,20.1,6,7.0
433,19861201,19861231,10,1,4.6,2.5,0.2,3.20,6.42,2,23.6,2,110.7,6,11.9,-5.80,24.2,6,19.5
433,19870101,19870131,10,1,-4.1,-6.9,-9.9,2.84,5.43,2,44.7,2,53.9,6,6.6,-20.70,20.6,6,7.4
433,19870201,19870228,10,1,2.1,-0.3,-3.1,2.55,5.62,2,61.0,2,36.1,6,7.0,-11.80,19.1,6,6.2
433,19870301,19870331,10,1,3.8,0.5,-3.1,2.79,4.37,2,148.1,2,26.6,6,13.3,-11.40,19.6,6,4.8
433,19870401,19870430,10,1,14.1,10.0,5.3,2.47,4.56,2,177.8,2,44.9,6,26.5,-0.20,16.5,6,18.4
433,19870501,19870531,10,1,15.4,11.3,6.8,2.61,5.15,2,175.5,2,47.8,6,23.5,3.10,15.5,6,13.4
433,19870601,19870630,10,1,19.5,15.7,11.4,2.34,5.52,2,159.9,2,59.4,6,32.5,7.90,17.5,6,11.7
433,19870701,19870731,10,1,22.9,18.5,14.0,2.65,4.84,2,228.9,2,104.2,6,30.1,9.50,18.5,6,44.3
433,19870801,19870831,10,1,20.2,16.4,13.0,2.58,5.00,2,151.9,2,70.7,6,28.3,7.00,16.5,6,13.0
433,19870901,19870930,10,1,18.9,14.7,11.0,2.49,4.56,2,146.0,2,62.8,6,26.0,4.40,18.5,6,17.6
433,19871001,19871031,10,1,13.8,9.9,6.3,2.70,4.69,2,137.8,2,15.5,6,22.1,-1.40,18.0,6,8.0
433,19871101,19871130,10,1,7.9,6.2,4.4,2.82,6.96,2,14.1,2,71.1,6,11.7,-0.50,20.1,6,23.3
433,19871201,19871231,10,1,4.6,2.7,0.4,2.75,6.53,2,27.1,2,51.2,6,13.2,-6.90,19.1,6,11.4
433,19880101,19880131,10,1,5.9,3.9,1.9,2.85,5.80,2,47.9,2,48.2,6,12.5,-3.20,17.0,6,7.5
433,19880201,19880229,10,1,5.6,3.1,0.9,3.34,6.14,2,67.0,2,80.3,6,11.6,-2.10,22.1,6,11.0
433,19880301,19880331,10,1,5.9,3.1,0.4,2.99,6.39,2,81.6,2,64.6,6,13.3,-3.50,20.1,6,9.3
433,19880401,19880430,10,1,14.0,9.3,4.1,2.75,3.82,2,205.9,2,0.7,6,24.6,-3.50,19.6,6,0.4
433,19880501,19880531,10,1,21.2,16.3,10.5,2.66,3.55,2,270.8,2,3.8,6,29.2,4.40,16.5,6,1.6
433,19880601,19880630,10,1,20.7,16.8,12.7,2.33,5.36,2,175.7,2,126.6,6,27.0,8.00,17.0,6,44.9
433,19880701,19880731,10,1,23.6,19.0,14.7,2.61,5.17,2,220.7,2,68.6,6,30.4,12.10,24.7,6,10.8
433,19880801,19880831,10,1,23.3,18.7,13.9,2.31,4.45,2,223.8,2,17.6,6,29.7,9.00,16.0,6,8.1
433,19880901,19880930,10,1,18.6,14.6,10.9,2.55,5.27,2,123.5,2,26.9,6,25.5,7.40,17.5,6,9.0
433,19881001,19881031,10,1,14.0,10.3,6.9,2.55,5.18,2,115.4,2,20.9,6,19.6,-1.70,19.1,6,4.4
433,19881101,19881130,10,1,6.3,3.4,0.3,2.65,5.58,2,62.4,2,40.7,6,13.3,-9.20,25.8,6,9.0
433,19881201,19881231,10,1,5.8,3.7,1.5,3.43,6.49,2,30.7,2,62.8,6,10.2,-5.30,24.7,6,10.7
433,19890101,19890131,10,1,6.2,3.7,1.1,2.73,5.09,2,63.1,2,11.5,6,10.5,-4.40,22.1,6,3.8
433,19890201,19890228,10,1,7.9,4.5,1.7,3.03,5.11,2,80.1,2,36.3,6,13.7,-2.20,24.2,6,11.1
433,19890301,19890331,10,1,12.0,7.7,3.5,2.86,4.76,2,150.5,2,23.4,6,21.9,0.00,23.7,6,5.0
433,19890401,19890430,10,1,13.1,9.0,4.7,2.83,5.32,2,130.2,2,49.3,6,24.5,-3.10,18.0,6,20.1
433,19890501,19890531,10,1,20.7,15.7,9.4,2.42,2.89,2,351.9,2,8.6,6,26.9,3.40,22.1,6,4.2
433,19890601,19890630,10,1,22.5,17.7,12.1,2.42,4.15,2,272.2,2,36.5,6,31.0,7.60,23.7,6,8.4
433,19890701,19890731,10,1,24.0,19.4,14.6,2.62,4.91,2,228.9,2,52.8,6,32.8,9.30,21.1,6,21.6
433,19890801,19890831,10,1,23.4,18.8,14.1,2.35,4.06,2,232.7,2,45.5,6,34.6,7.30,17.0,6,7.3
433,19890901,19890930,10,1,21.5,16.8,12.3,2.26,4.07,2,185.1,2,11.5,6,29.6,6.20,11.3,6,5.1
433,19891001,19891031,10,1,15.6,11.9,8.4,2.89,4.81,2,126.3,2,30.4,6,22.5,3.50,21.1,6,12.5
433,19891101,19891130,10,1,6.1,3.3,0.6,2.48,4.36,2,83.7,2,68.9,6,13.5,-6.30,24.2,6,30.3
433,19891201,19891231,10,1,5.3,3.0,0.2,2.73,5.62,2,48.1,2,45.1,6,14.5,-6.00,20.1,6,12.4
433,19900101,19900131,10,1,6.1,4.1,1.7,3.15,6.24,2,32.0,2,31.6,6,12.1,-6.90,22.1,6,9.6
433,19900201,19900228,10,1,10.7,6.7,3.2,3.38,4.78,2,99.9,2,61.6,6,18.7,-0.80,33.5,6,10.7
433,19900301,19900331,10,1,11.8,8.3,4.8,3.40,5.02,2,113.3,2,28.3,6,21.4,-0.30,29.4,6,11.2
433,19900401,19900430,10,1,13.9,9.5,4.8,2.80,4.04,2,214.0,2,21.4,6,21.2,-2.50,20.6,6,4.9
433,19900501,19900531,10,1,20.6,15.7,10.0,2.32,3.46,2,309.8,2,38.6,6,27.5,5.40,17.5,6,26.5
433,19900601,19900630,10,1,20.8,17.1,13.3,2.26,5.79,2,166.6,2,163.9,6,28.4,9.90,16.5,6,53.0
433,19900701,19900731,10,1,22.5,18.1,13.4,2.81,4.30,2,258.1,2,20.5,6,31.8,10.10,18.5,6,9.9
433,19900801,19900831,10,1,24.9,19.8,14.8,2.40,3.93,2,269.1,2,57.8,6,32.0,9.40,18.5,6,24.2
433,19900901,19900930,10,1,16.4,13.0,10.1,2.86,5.76,2,116.5,2,47.4,6,21.6,6.20,25.2,6,5.0
433,19901001,19901031,10,1,15.2,10.9,7.2,2.72,4.15,2,158.5,2,9.3,6,23.3,-1.40,18.0,6,3.9
433,19901101,19901130,10,1,7.6,5.3,3.3,2.73,6.53,2,47.7,2,49.1,6,11.9,-2.20,20.0,6,14.6
433,19901201,19901231,10,1,2.9,1.2,-1.0,2.80,5.92,2,39.8,2,66.5,6,9.1,-5.80,18.0,6,22.5
433,19910101,19910131,10,1,4.8,2.4,0.1,2.97,4.94,2,75.1,2,24.8,6,15.5,-9.00,23.1,6,13.0
433,19910201,19910228,10,1,0.7,-2.2,-5.4,2.61,5.20,2,75.4,2,20.7,6,12.3,-13.60,13.8,6,7.9
433,19910301,19910331,10,1,11.0,6.8,3.0,2.49,4.86,2,124.8,2,36.1,6,18.0,-2.20,16.4,6,15.1
433,19910401,19910430,10,1,12.8,8.5,4.0,2.43,4.38,2,176.4,2,42.0,6,19.5,-1.80,18.0,6,9.7
433,19910501,19910531,10,1,14.6,10.8,6.6,2.71,4.95,2,196.8,2,41.7,6,23.6,2.80,22.6,6,18.0
433,19910601,19910630,10,1,19.4,15.0,11.0,2.82,5.51,2,213.3,2,71.6,6,26.5,4.40,18.5,6,23.2
433,19910701,19910731,10,1,25.9,21.0,15.5,2.59,3.75,2,329.4,2,32.8,6,35.3,10.70,17.4,6,9.7
433,19910801,19910831,10,1,24.0,19.4,15.0,2.47,4.34,2,216.6,2,26.8,6,34.2,10.30,20.0,6,6.5
433,19910901,19910930,10,1,21.4,16.4,11.6,2.43,3.88,2,197.0,2,20.6,6,28.5,6.00,17.4,6,6.4
433,19911001,19911031,10,1,14.0,9.5,5.8,2.68,3.12,2,200.7,2,23.4,6,23.7,-2.20,25.2,6,6.5
433,19911101,19911130,10,1,7.2,4.9,2.6,2.72,5.97,2,48.0,2,52.3,6,15.8,-4.40,17.5,6,14.5
433,19911201,19911231,10,1,4.3,1.9,-0.8,2.94,5.79,2,47.0,2,43.0,6,12.0,-10.10,26.8,6,14.6
433,19920101,19920131,10,1,4.0,1.6,-0.8,3.04,6.01,2,45.7,2,39.0,6,11.5,-9.80,19.0,6,16.9
433,19920201,19920229,10,1,6.8,4.1,1.3,3.07,5.89,2,49.6,2,38.6,6,14.7,-5.20,22.6,6,6.1
433,19920301,19920331,10,1,9.2,5.5,2.2,3.30,5.41,2,103.2,2,79.3,6,15.3,-2.40,23.1,6,13.3
433,19920401,19920430,10,1,13.7,9.3,4.8,2.75,5.06,2,152.7,2,31.4,6,24.7,0.60,25.2,6,6.3
433,19920501,19920531,10,1,20.4,15.6,9.9,2.76,3.08,2,311.6,2,20.9,6,27.3,3.90,25.2,6,5.6
433,19920601,19920630,10,1,25.8,20.5,14.5,2.74,3.49,2,324.6,2,11.3,6,31.5,10.40,15.9,6,5.5
433,19920701,19920731,10,1,26.0,20.9,15.6,2.43,4.40,2,262.5,2,98.2,6,35.3,11.60,20.6,6,64.9
433,19920801,19920831,10,1,25.9,20.9,16.1,2.63,3.97,2,227.9,2,85.3,6,37.1,10.70,17.5,6,25.8
433,19920901,19920930,10,1,18.7,14.4,10.4,2.65,4.16,2,184.4,2,23.8,6,23.2,7.00,17.0,6,7.7
433,19921001,19921031,10,1,10.2,6.5,3.0,2.59,4.42,2,108.9,2,36.8,6,16.6,-2.60,18.0,6,8.6
433,19921101,19921130,10,1,7.9,5.3,3.0,3.28,5.97,2,42.7,2,70.8,6,13.0,-1.90,28.3,6,11.6
433,19921201,19921231,10,1,3.2,1.2,-1.0,2.51,5.39,2,54.3,2,57.6,6,12.4,-9.70,18.0,6,14.5
433,19930101,19930131,10,1,5.6,2.5,-0.4,3.65,4.89,2,86.2,2,58.6,6,13.6,-14.60,32.4,6,11.0
433,19930201,19930228,10,1,2.6,0.5,-1.7,2.67,6.30,2,57.0,2,34.7,6,7.4,-7.50,24.7,6,8.3
433,19930301,19930331,10,1,8.1,4.5,0.8,2.82,4.98,2,147.2,2,17.2,6,16.8,-5.80,20.6,6,4.9
433,19930401,19930430,10,1,16.2,11.6,6.4,2.78,4.08,2,231.8,2,13.1,6,27.3,-2.40,15.9,6,4.1
433,19930501,19930531,10,1,22.0,16.8,11.5,2.51,4.26,2,252.8,2,68.9,6,30.2,4.60,16.5,6,14.0
433,19930601,19930630,10,1,20.4,16.4,11.9,2.73,5.03,2,200.8,2,85.8,6,30.0,8.30,22.6,6,36.2
433,19930701,19930731,10,1,21.4,17.3,13.2,2.82,5.36,2,204.2,2,81.7,6,27.8,8.90,21.6,6,14.8
433,19930801,19930831,10,1,21.4,16.9,12.5,2.51,4.64,2,226.9,2,32.4,6,29.7,7.50,16.5,6,8.6
433,19930901,19930930,10,1,16.9,13.1,10.2,2.59,5.85,2,107.5,2,77.2,6,23.7,3.90,14.9,6,24.4
433,19931001,19931031,10,1,12.7,9.1,5.9,2.55,5.32,2,113.9,2,21.2,6,20.4,-1.70,17.0,6,5.7
433,19931101,19931130,10,1,2.3,0.3,-1.7,2.39,6.51,2,30.5,2,28.1,6,7.7,-9.60,15.4,6,9.0
433,19931201,19931231,10,1,5.7,3.7,1.4,3.43,7.03,2,23.0,2,100.3,6,13.1,-8.10,28.8,6,13.0
433,19940101,19940131,10,1,5.7,3.5,1.5,3.34,6.57,2,24.7,2,89.8,6,11.1,-3.60,27.3,6,21.9
433,19940201,19940228,10,1,2.3,-0.5,-3.3,2.54,5.54,2,90.2,2,6.2,6,11.9,-12.70,17.0,6,3.5
433,19940301,19940331,10,1,9.7,6.2,3.0,3.53,6.17,2,91.1,2,95.3,6,20.7,-1.40,26.2,6,18.5
433,19940401,19940430,10,1,14.4,9.9,5.0,2.50,4.35,2,189.1,2,60.3,6,23.5,-1.00,22.1,6,31.6
433,19940501,19940531,10,1,18.1,13.9,8.9,2.56,4.85,2,214.9,2,76.0,6,24.3,3.80,17.5,6,35.3
433,19940601,19940630,10,1,21.6,16.9,11.8,2.77,4.75,2,237.8,2,35.0,6,34.5,6.50,22.1,6,11.0
433,19940701,19940731,10,1,29.0,23.7,17.0,2.16,2.86,2,377.6,2,41.6,6,36.8,12.20,11.8,6,31.8
433,19940801,19940831,10,1,23.9,19.4,14.9,2.35,4.63,2,231.6,2,102.2,6,37.2,10.70,18.0,6,26.8
433,19940901,19940930,10,1,17.5,14.4,11.3,2.49,5.59,2,112.5,2,61.6,6,21.7,8.20,20.1,6,24.1
433,19941001,19941031,10,1,12.3,8.2,4.4,2.30,4.22,2,166.6,2,32.8,6,17.7,-1.70,16.5,6,16.6
433,19941101,19941130,10,1,9.6,7.0,4.5,2.98,5.71,2,71.7,2,45.5,6,15.5,-2.30,19.0,6,9.4
433,19941201,19941231,10,1,6.4,4.0,1.8,3.11,5.75,2,58.8,2,57.3,6,13.4,-3.50,20.6,6,13.1
433,19950101,19950131,10,1,3.3,0.9,-1.5,3.24,5.86,2,53.0,2,54.3,6,12.8,-8.50,23.1,6,8.2
433,19950201,19950228,10,1,8.3,5.1,1.9,3.36,5.73,2,69.4,2,59.4,6,15.1,-3.20,22.1,6,11.2
433,19950301,19950331,10,1,7.8,4.2,0.6,3.44,5.01,2,128.0,2,48.0,6,16.2,-5.40,25.2,6,13.6
433,19950401,19950430,10,1,13.1,9.1,4.8,3.15,5.31,2,155.4,2,45.0,6,27.2,-0.70,25.7,6,16.1
433,19950501,19950531,10,1,18.1,13.7,8.5,2.56,4.92,2,237.6,2,68.8,6,28.6,3.30,18.5,6,27.3
433,19950601,19950630,10,1,19.8,15.9,11.4,2.39,5.31,2,178.0,2,144.1,6,26.5,8.20,18.5,6,48.1
433,19950701,19950731,10,1,27.0,22.0,16.3,2.31,3.79,2,311.6,2,50.8,6,33.5,11.40,19.0,6,16.7
433,19950801,19950831,10,1,25.7,20.6,14.9,2.48,3.70,2,259.6,2,50.5,6,31.7,8.80,15.4,6,28.3
433,19950901,19950930,10,1,18.3,14.3,11.2,2.62,5.67,2,132.6,2,71.6,6,24.4,4.00,20.1,6,20.1
433,19951001,19951031,10,1,16.5,12.4,8.4,2.17,4.79,2,142.5,2,6.3,6,24.3,0.30,14.9,6,2.7
433,19951101,19951130,10,1,5.2,2.6,-0.2,2.62,5.24,2,74.5,2,40.6,6,11.6,-8.40,21.6,6,12.6
433,19951201,19951231,10,1,-0.7,-2.8,-4.9,2.50,6.40,2,38.5,2,28.0,6,9.5,-14.40,14.4,6,13.2
433,19960101,19960131,10,1,-1.7,-3.9,-6.2,2.64,5.58,2,59.2,2,0.6,6,4.9,-14.50,13.9,6,0.6
433,19960201,19960229,10,1,0.6,-2.5,-5.7,2.86,5.10,2,94.3,2,30.6,6,11.3,-16.20,18.0,6,8.2
433,19960301,19960331,10,1,4.4,0.9,-2.0,2.83,5.12,2,120.8,2,17.4,6,11.6,-6.80,15.4,6,7.8
433,19960401,19960430,10,1,15.6,10.3,4.0,2.50,3.82,2,230.8,2,12.2,6,28.7,-8.10,19.0,6,5.2
433,19960501,19960531,10,1,16.4,12.6,8.4,2.50,6.07,2,122.1,2,97.6,6,30.0,1.50,17.5,6,19.3
433,19960601,19960630,10,1,21.4,16.9,12.3,2.42,5.01,2,193.0,2,53.7,6,33.1,8.00,19.0,6,17.3
433,19960701,19960731,10,1,21.0,16.9,12.6,2.59,5.65,2,170.4,2,81.6,6,26.3,7.80,18.0,6,15.4
433,19960801,19960831,10,1,24.0,19.0,14.4,2.33,4.45,2,218.2,2,38.9,6,29.3,11.00,13.4,6,11.7
433,19960901,19960930,10,1,16.0,11.8,8.2,2.60,5.32,2,128.2,2,36.0,6,22.2,4.80,14.4,6,7.9
433,19961001,19961031,10,1,14.3,10.5,7.0,2.30,5.25,2,102.0,2,45.1,6,19.8,1.20,23.7,6,15.6
433,19961101,19961130,10,1,7.7,5.4,3.2,2.92,6.60,2,26.6,2,40.4,6,15.9,-3.10,20.6,6,8.3
433,19961201,19961231,10,1,-0.1,-2.4,-4.7,2.44,5.63,2,56.9,2,9.8,6,9.4,-15.80,17.0,6,3.2
433,19970101,19970131,10,1,0.3,-2.1,-4.9,2.22,5.31,2,71.3,2,5.8,6,9.0,-17.90,12.9,6,1.5
433,19970201,19970228,10,1,7.8,4.7,1.3,3.34,5.73,2,75.9,2,67.4,6,14.3,-6.30,21.1,6,23.6
433,19970301,19970331,10,1,10.1,5.9,1.7,2.90,4.78,2,158.1,2,28.5,6,18.9,-4.50,32.4,6,7.4
433,19970401,19970430,10,1,11.8,7.2,2.6,3.20,4.82,2,169.1,2,42.6,6,17.9,-2.80,25.2,6,10.1
433,19970501,19970531,10,1,18.7,14.0,8.7,2.73,5.09,2,221.6,2,83.2,6,29.4,2.40,18.0,6,17.5
433,19970601,19970630,10,1,22.9,18.0,12.6,2.47,4.18,2,256.2,2,47.5,6,33.3,5.60,14.4,6,16.7
433,19970701,19970731,10,1,24.0,19.6,14.9,2.53,5.04,2,229.6,2,79.6,6,26.6,12.40,17.5,6,35.7
433,19970801,19970831,10,1,27.8,22.3,16.3,2.01,3.71,2,257.5,2,37.6,6,31.7,12.30,13.9,6,23.0
433,19970901,19970930,10,1,20.3,15.2,10.4,2.38,4.48,2,189.3,2,17.2,6,28.2,4.30,23.7,6,6.9
433,19971001,19971031,10,1,12.7,8.7,5.4,3.01,5.21,2,110.5,2,34.4,6,23.3,-4.90,21.6,6,10.4
433,19971101,19971130,10,1,6.2,3.9,1.3,2.43,6.43,2,55.5,2,15.5,6,17.1,-3.60,13.9,6,7.3
433,19971201,19971231,10,1,4.4,2.3,0.0,2.71,6.32,2,37.8,2,66.8,6,11.5,-13.90,17.0,6,14.2
433,19980101,19980131,10,1,6.0,3.2,0.6,2.68,5.74,2,63.9,2,55.2,6,13.5,-9.20,25.7,6,9.5
433,19980201,19980228,10,1,8.9,6.1,3.2,3.21,6.24,2,70.1,2,11.7,6,15.7,-10.70,20.6,6,4.2
433,19980301,19980331,10,1,8.9,5.2,1.4,2.99,5.05,2,119.9,2,58.2,6,19.6,-4.20,24.2,6,10.1
433,19980401,19980430,10,1,14.7,10.9,6.5,2.53,5.77,2,136.0,2,30.5,6,23.7,0.90,16.5,6,6.0
433,19980501,19980531,10,1,20.9,15.8,10.0,2.33,4.59,2,239.8,2,37.4,6,30.0,4.60,20.1,6,24.4
433,19980601,19980630,10,1,22.7,17.9,13.6,2.28,5.23,2,186.7,2,76.6,6,33.5,8.50,18.0,6,25.5
433,19980701,19980731,10,1,22.4,17.9,13.5,2.78,5.23,2,191.7,2,61.4,6,36.1,9.30,19.0,6,13.5
433,19980801,19980831,10,1,22.8,17.6,13.4,2.74,4.90,2,192.3,2,67.1,6,31.1,9.50,22.6,6,13.5
433,19980901,19980930,10,1,18.1,14.4,10.8,2.31,5.49,2,105.3,2,35.7,6,24.3,6.30,13.9,6,11.6
433,19981001,19981031,10,1,12.1,8.9,6.2,3.40,6.14,2,64.5,2,109.7,6,19.8,1.10,21.6,6,19.6
433,19981101,19981130,10,1,3.7,1.7,-0.4,2.70,6.33,2,33.6,2,39.7,6,11.3,-9.70,18.0,6,14.3
433,19981201,19981231,10,1,3.3,1.0,-1.5,3.13,5.99,2,52.1,2,39.5,6,12.4,-14.00,24.0,6,6.7
433,19990101,19990131,10,1,6.0,3.2,0.4,2.78,5.97,2,58.9,2,35.3,6,14.2,-11.20,19.0,6,11.0
433,19990201,19990228,10,1,4.0,1.6,-1.4,3.32,6.25,2,61.1,2,62.6,6,12.8,-10.70,24.0,6,14.9
433,19990301,19990331,10,1,9.7,5.7,2.1,2.52,5.76,2,112.8,2,47.3,6,19.8,-2.40,18.0,6,10.1
433,19990401,19990430,10,1,15.1,10.4,5.8,2.73,4.91,2,169.4,2,37.9,6,20.5,0.30,17.0,6,6.7
433,19990501,19990531,10,1,19.9,14.9,9.1,2.68,4.57,2,257.5,2,26.7,6,31.0,2.50,18.0,6,7.9
433,19990601,19990630,10,1,21.8,17.2,12.1,2.42,4.85,2,194.4,2,45.0,6,27.4,8.40,15.0,6,16.4
433,19990701,19990731,10,1,26.6,21.4,15.9,2.59,4.38,2,265.7,2,26.6,6,35.2,11.20,15.0,6,8.2
433,19990801,19990831,10,1,24.4,19.1,13.8,2.61,4.40,2,201.3,2,41.9,6,30.5,9.30,21.0,6,15.9
433,19990901,19990930,10,1,24.0,18.5,13.2,2.56,3.74,2,214.2,2,11.4,6,29.8,8.20,14.0,6,2.7
433,19991001,19991031,10,1,14.2,10.1,6.9,2.99,5.08,2,120.8,2,17.4,6,19.0,-1.20,22.0,6,3.1
433,19991101,19991130,10,1,7.0,4.3,1.4,2.40,6.04,2,72.1,2,25.6,6,14.9,-7.30,13.0,6,7.1
433,19991201,19991231,10,1,4.9,2.8,0.5,3.55,6.42,2,36.5,2,71.4,6,11.3,-4.70,28.0,6,9.0
433,20000101,20000131,10,1,3.8,1.6,-1.3,3.20,6.05,2,64.9,2,45.7,6,10.7,-10.60,27.0,6,11.7
433,20000201,20000229,10,1,7.6,4.5,1.9,3.31,6.03,2,63.5,2,60.8,6,17.8,-3.20,24.0,6,8.1
433,20000301,20000331,10,1,9.0,5.6,2.5,3.39,6.66,2,69.4,2,90.3,6,15.4,-2.40,23.0,6,13.0
433,20000401,20000430,10,1,17.1,12.1,6.6,2.57,4.74,2,203.6,2,32.0,6,28.9,-0.90,17.0,6,19.1
433,20000501,20000531,10,1,22.2,16.8,10.5,2.42,3.76,2,-999,2,29.5,6,31.6,6.90,21.0,6,11.4
433,20000601,20000630,10,1,24.1,19.0,13.3,2.85,4.63,2,235.0,2,27.0,6,35.9,7.90,17.0,6,7.6
433,20000701,20000731,10,1,21.4,17.1,13.4,2.81,6.42,2,100.4,2,70.2,6,26.2,9.70,15.0,6,35.7
433,20000801,20000831,10,1,23.9,18.8,14.0,2.25,4.15,2,219.6,2,82.4,6,32.0,9.20,23.0,6,20.1
433,20000901,20000930,10,1,18.7,14.5,10.6,2.61,4.59,2,145.8,2,61.8,6,24.0,4.30,15.0,6,20.1
433,20001001,20001031,10,1,15.8,12.4,9.4,2.56,5.61,2,85.0,2,23.5,6,22.9,5.60,17.0,6,5.5
433,20001101,20001130,10,1,10.0,7.1,4.4,2.52,5.31,2,96.6,2,24.7,6,14.2,0.90,14.0,6,7.1
433,20001201,20001231,10,1,5.5,3.3,1.0,2.63,6.16,2,61.6,2,39.0,6,14.2,-6.00,20.0,6,5.8
433,20010101,20010131,10,1,3.3,1.2,-1.2,2.51,5.74,2,54.6,2,37.1,6,10.4,-6.80,16.0,6,9.0
433,20010201,20010228,10,1,5.3,2.0,-1.3,2.97,5.97,2,60.4,2,31.0,6,13.3,-8.90,23.0,6,5.6
433,20010301,20010331,10,1,6.4,3.4,0.6,2.86,6.11,2,91.5,2,40.7,6,14.4,-6.00,19.0,6,7.3
433,20010401,20010430,10,1,12.9,8.5,4.3,2.80,5.84,2,111.2,2,33.9,6,25.2,-1.90,18.6,6,10.3
433,20010501,20010531,10,1,20.2,15.2,9.7,2.74,4.00,2,270.1,2,41.5,6,28.0,5.40,19.4,6,14.0
433,20010601,20010630,10,1,20.3,15.2,10.6,2.63,5.44,2,172.9,2,65.4,6,28.9,5.60,17.1,6,18.9
433,20010701,20010731,10,1,25.7,20.4,14.8,2.52,4.44,2,236.8,2,49.6,6,31.9,9.70,13.1,6,11.7
433,20010801,20010831,10,1,25.2,19.9,15.1,2.58,4.45,2,196.3,2,40.8,6,35.2,10.20,16.9,6,9.6
433,20010901,20010930,10,1,16.6,13.1,10.2,2.80,6.45,2,71.3,2,135.4,6,22.3,6.60,18.8,6,27.5
433,20011001,20011031,10,1,16.9,13.2,9.7,2.58,5.10,2,97.5,2,42.7,6,22.4,4.10,21.6,6,13.2
433,20011101,20011130,10,1,7.1,4.5,1.2,2.93,6.06,2,43.6,2,47.6,6,11.6,-4.70,19.2,6,16.5
433,20011201,20011231,10,1,2.1,0.1,-2.1,3.26,6.88,2,25.9,2,47.7,6,8.3,-11.00,24.1,6,10.5
433,20020101,20020131,10,1,4.8,2.2,-0.8,3.19,5.90,2,64.2,2,37.8,6,14.9,-11.80,28.8,6,9.5
433,20020201,20020228,10,1,9.2,5.5,2.1,3.64,4.89,2,84.3,2,89.7,6,16.5,-4.70,25.9,6,22.2
433,20020301,20020331,10,1,9.5,5.7,2.2,2.84,5.99,2,98.0,2,44.1,6,18.4,-2.50,24.8,6,10.3
433,20020401,20020430,10,1,13.2,8.8,4.2,2.60,4.67,2,137.4,2,37.5,6,18.4,-2.90,19.0,6,12.1
433,20020501,20020531,10,1,20.4,15.8,11.3,2.39,5.13,2,189.1,2,67.4,6,26.8,6.30,16.3,6,35.2
433,20020601,20020630,10,1,22.6,18.0,13.1,2.80,4.95,2,186.6,2,30.5,6,33.0,8.10,17.1,6,10.4
433,20020701,20020731,10,1,24.5,19.6,14.7,2.65,5.15,2,172.9,2,55.8,6,33.8,10.60,25.6,6,12.3
433,20020801,20020831,10,1,26.5,21.2,16.4,2.32,4.33,2,229.9,2,156.3,6,32.9,13.80,16.3,6,65.1
433,20020901,20020930,10,1,19.7,15.2,10.7,2.57,4.11,2,186.5,2,49.7,6,27.2,2.30,12.8,6,34.2
433,20021001,20021031,10,1,12.0,8.4,4.9,2.90,5.48,2,96.2,2,106.8,6,19.7,0.10,27.2,6,28.2
433,20021101,20021130,10,1,7.0,4.4,1.6,2.47,6.02,2,54.0,2,49.5,6,11.7,-4.30,16.6,6,12.7
433,20021201,20021231,10,1,0.1,-2.0,-4.1,2.77,5.52,2,63.2,2,12.8,6,7.4,-12.30,15.4,6,4.1
433,20030101,20030131,10,1,2.7,-0.0,-3.0,2.87,6.43,2,41.8,2,63.4,6,9.9,-14.90,24.2,6,16.6
433,20030201,20030228,10,1,2.2,-1.6,-5.1,2.43,4.23,2,115.0,2,5.3,6,11.5,-11.70,11.7,6,2.5
433,20030301,20030331,10,1,9.7,4.9,0.2,2.61,4.33,2,159.9,2,19.9,6,18.2,-5.20,15.4,6,6.7
433,20030401,20030430,10,1,14.4,9.2,3.3,3.07,3.73,2,217.3,2,18.0,6,22.0,-4.90,18.1,6,4.3
433,20030501,20030531,10,1,21.1,15.8,10.0,2.68,4.59,2,245.0,2,33.1,6,29.3,3.70,18.3,6,8.3
433,20030601,20030630,10,1,25.6,20.0,14.0,2.67,4.00,2,297.5,2,47.3,6,32.5,10.30,26.8,6,11.8
433,20030701,20030731,10,1,26.0,20.6,15.7,2.48,4.73,2,219.4,2,57.8,6,33.6,11.70,17.8,6,10.4
433,20030801,20030831,10,1,27.1,21.1,15.3,2.68,3.32,2,280.7,2,21.8,6,34.9,10.20,17.2,6,11.2
433,20030901,20030930,10,1,21.4,15.6,10.2,2.53,4.19,2,205.6,2,34.8,6,29.7,5.30,15.3,6,13.4
433,20031001,20031031,10,1,10.8,6.6,2.5,2.61,4.60,2,128.9,2,62.5,6,17.7,-4.60,20.0,6,14.4
433,20031101,20031130,10,1,9.4,6.5,3.7,2.67,5.46,2,68.8,2,37.9,6,14.6,-3.70,14.9,6,13.1
433,20031201,20031231,10,1,5.6,2.8,-0.1,3.10,5.29,2,74.3,2,49.5,6,11.3,-6.50,25.7,6,24.3
433,20040101,20040131,10,1,1.4,-1.2,-3.8,2.58,6.26,2,54.9,2,69.0,6,8.4,-11.50,22.7,6,12.7
433,20040201,20040229,10,1,5.9,3.0,-0.1,3.10,5.74,2,71.9,2,51.6,6,15.3,-7.10,22.8,6,14.4
433,20040301,20040331,10,1,9.1,5.4,1.4,3.00,5.25,2,122.3,2,23.4,6,20.1,-6.10,26.4,6,12.8
433,20040401,20040430,10,1,15.4,10.3,5.1,2.40,4.27,2,192.2,2,24.3,6,21.9,-1.20,15.8,6,8.7
433,20040501,20040531,10,1,17.5,13.1,8.2,2.61,5.44,2,161.1,2,33.0,6,24.9,3.00,15.4,6,13.5
433,20040601,20040630,10,1,21.2,16.3,11.5,2.73,5.37,2,186.9,2,57.9,6,26.8,7.10,19.7,6,14.7
433,20040701,20040731,10,1,23.1,18.1,13.0,2.61,4.86,2,220.1,2,79.1,6,29.6,8.70,18.9,6,13.3
433,20040801,20040831,10,1,25.4,20.2,15.1,2.58,3.95,2,229.6,2,67.2,6,31.8,9.20,15.5,6,11.2
433,20040901,20040930,10,1,19.9,15.0,10.2,2.83,4.14,2,197.9,2,26.2,6,26.0,6.50,18.9,6,7.6
433,20041001,20041031,10,1,14.7,10.7,6.7,2.55,4.91,2,130.0,2,21.6,6,25.1,0.80,20.8,6,7.2
433,20041101,20041130,10,1,7.5,4.9,2.1,2.90,6.27,2,41.7,2,58.4,6,14.6,-2.40,23.7,6,13.0
433,20041201,20041231,10,1,4.7,2.5,0.0,2.77,6.32,2,34.7,2,26.7,6,9.3,-5.90,25.0,6,4.7
433,20050101,20050131,10,1,5.5,3.2,0.8,3.52,6.06,2,37.3,2,54.2,6,13.4,-7.80,22.4,6,11.7
433,20050201,20050228,10,1,2.2,-0.3,-3.1,2.89,5.67,2,72.2,2,40.3,6,10.7,-11.00,22.6,6,18.8
433,20050301,20050331,10,1,7.5,3.6,-0.5,3.06,5.30,2,135.1,2,16.5,6,18.1,-7.80,17.7,6,7.3
433,20050401,20050430,10,1,15.9,10.4,4.3,2.47,3.85,2,241.1,2,11.8,6,21.6,-3.30,13.4,6,5.0
433,20050501,20050531,10,1,19.0,14.1,9.1,2.65,5.31,2,203.2,2,77.6,6,32.6,1.90,15.2,6,20.1
433,20050601,20050630,10,1,22.4,17.2,11.4,2.60,4.72,2,252.5,2,30.0,6,34.0,6.10,16.9,6,10.3
433,20050701,20050731,10,1,24.2,19.5,15.2,2.55,5.61,2,195.1,2,141.9,6,32.0,11.30,19.2,6,38.9
433,20050801,20050831,10,1,21.8,17.2,12.8,2.39,4.71,2,212.5,2,56.7,6,27.8,9.40,13.0,6,12.5
433,20050901,20050930,10,1,21.5,16.3,11.0,2.23,3.43,2,214.0,2,53.9,6,29.3,4.70,12.8,6,12.9
433,20051001,20051031,10,1,16.5,11.8,7.7,2.48,3.39,2,178.3,2,37.8,6,20.5,1.00,14.9,6,12.3
433,20051101,20051130,10,1,7.7,5.0,2.1,2.37,5.54,2,70.8,2,19.9,6,17.4,-3.50,12.7,6,5.1
433,20051201,20051231,10,1,3.9,1.6,-0.9,2.81,6.45,2,31.6,2,50.6,6,8.2,-9.70,21.3,6,8.0
433,20060101,20060131,10,1,-0.7,-3.7,-7.0,2.23,4.79,2,95.9,2,20.7,6,5.0,-18.10,11.3,6,6.9
433,20060201,20060228,10,1,2.5,0.1,-2.6,2.57,6.26,2,46.4,2,43.0,6,8.4,-10.30,17.4,6,9.2
433,20060301,20060331,10,1,5.2,1.7,-1.8,2.61,5.87,2,96.9,2,32.3,6,18.7,-10.50,18.3,6,9.1
433,20060401,20060430,10,1,13.6,9.3,5.1,2.60,5.59,2,133.4,2,45.5,6,21.9,-0.30,19.1,6,7.0
433,20060501,20060531,10,1,19.4,14.4,9.1,2.81,4.26,2,234.8,2,60.9,6,25.7,4.60,21.5,6,10.6
433,20060601,20060630,10,1,24.0,18.8,13.0,2.30,4.28,2,272.3,2,13.1,6,32.7,3.00,17.3,6,4.2
433,20060701,20060731,10,1,30.3,24.4,17.9,2.32,2.73,2,372.6,2,56.4,6,36.6,12.80,12.9,6,33.8
433,20060801,20060831,10,1,22.2,17.7,14.2,2.74,5.74,2,157.0,2,75.5,6,27.9,10.90,18.1,6,23.4
433,20060901,20060930,10,1,23.9,18.5,13.3,2.63,3.25,2,234.7,2,13.4,6,27.7,9.50,16.3,6,8.6
433,20061001,20061031,10,1,17.1,12.8,9.0,2.55,5.51,2,116.6,2,26.1,6,23.0,2.70,19.2,6,5.4
433,20061101,20061130,10,1,11.1,8.0,4.9,3.03,5.61,2,79.1,2,35.2,6,18.3,-2.40,20.9,6,7.5
433,20061201,20061231,10,1,8.0,5.7,3.4,3.06,6.29,2,52.7,2,33.2,6,15.1,-1.40,20.7,6,8.8
433,20070101,20070131,10,1,7.9,5.5,2.8,4.00,6.12,2,42.7,2,110.6,6,14.2,-7.80,33.5,6,44.9
433,20070201,20070228,10,1,6.3,3.6,1.1,3.00,6.80,2,58.5,2,55.7,6,12.2,-6.20,16.7,6,9.7
433,20070301,20070331,10,1,12.0,7.8,3.6,2.97,4.42,2,175.3,2,61.0,6,18.7,-1.00,19.3,6,18.1
433,20070401,20070430,10,1,17.7,12.1,6.1,2.87,3.43,2,271.1,2,2.1,6,27.0,0.30,18.8,6,0.6
433,20070501,20070531,10,1,21.2,15.9,10.3,2.65,4.57,2,246.4,2,146.5,6,30.9,1.00,26.9,6,25.7
433,20070601,20070630,10,1,24.0,19.1,14.5,2.53,5.11,2,213.4,2,107.9,6,30.8,9.90,21.1,6,33.9
433,20070701,20070731,10,1,23.3,18.8,14.5,2.84,5.52,2,178.7,2,91.7,6,37.1,10.10,19.1,6,16.0
433,20070801,20070831,10,1,23.5,18.7,13.9,2.48,4.47,2,216.0,2,87.5,6,30.0,7.00,13.7,6,26.0
433,20070901,20070930,10,1,17.8,13.8,10.0,2.87,4.95,2,138.8,2,79.2,6,24.6,6.40,15.6,6,16.7
433,20071001,20071031,10,1,12.4,8.8,4.9,2.23,5.25,2,107.6,2,5.2,6,18.6,-2.40,14.4,6,1.8
433,20071101,20071130,10,1,6.5,4.1,1.5,3.00,6.27,2,38.8,2,55.7,6,13.8,-3.00,17.7,6,8.8
433,20071201,20071231,10,1,4.4,2.4,0.2,2.84,6.45,2,38.5,2,29.6,6,14.0,-6.80,21.4,6,6.6
433,20080101,20080131,10,1,6.4,4.0,1.1,3.23,6.12,2,46.8,2,102.8,6,11.9,-8.20,23.3,6,27.1
433,20080201,20080229,10,1,8.4,5.1,1.8,3.03,5.57,2,92.6,2,15.9,6,14.1,-6.20,22.6,6,7.6
433,20080301,20080331,10,1,8.7,4.9,1.5,3.35,5.67,2,110.4,2,60.4,6,16.7,-5.00,26.7,6,11.1
433,20080401,20080430,10,1,12.8,8.9,4.9,2.53,5.69,2,123.5,2,69.6,6,22.2,-1.80,14.7,6,19.9
433,20080501,20080531,10,1,21.4,15.6,9.3,2.45,3.86,2,294.0,2,5.6,6,30.4,4.60,14.9,6,3.3
433,20080601,20080630,10,1,24.8,19.2,13.0,2.80,3.79,2,305.3,2,30.3,6,32.9,8.80,22.5,6,6.0
433,20080701,20080731,10,1,25.7,20.1,14.7,2.71,4.60,2,225.9,2,27.2,6,34.0,11.30,15.7,6,8.1
433,20080801,20080831,10,1,23.9,19.1,14.4,2.71,5.23,2,172.5,2,52.1,6,34.5,9.40,19.0,6,14.6
433,20080901,20080930,10,1,18.1,13.9,9.8,2.37,5.43,2,132.3,2,88.0,6,25.2,5.00,14.6,6,38.3
433,20081001,20081031,10,1,13.8,10.0,6.4,2.45,5.13,2,101.6,2,67.6,6,20.9,2.10,22.6,6,14.5
433,20081101,20081130,3,1,8.2,6.0,3.4,-999,-999,2,35.7,2,32.8,6,15.7,-1.90,19.0,6,14.1
433,20081201,20081231,3,1,3.7,2.0,-0.1,2.65,-999,2,35.9,2,35.0,6,9.0,-8.10,17.3,6,9.8
433,20090101,20090131,3,1,0.9,-1.8,-5.1,2.26,-999,2,60.7,2,17.8,6,5.9,-18.90,13.2,6,6.0
433,20090201,20090228,3,1,3.0,0.9,-1.2,2.82,-999,2,30.1,2,47.3,6,7.8,-8.20,16.2,6,8.4
433,20090301,20090331,3,1,8.9,5.5,2.2,2.77,-999,2,79.6,2,42.3,6,14.4,-3.40,21.6,6,10.6
433,20090401,20090430,3,1,19.6,13.5,6.9,-999,-999,2,300.8,2,3.6,6,26.2,0.90,15.0,6,2.5
433,20090501,20090531,3,1,20.2,14.6,8.8,-999,-999,2,238.7,2,87.9,6,29.4,4.40,18.3,6,19.3
433,20090601,20090630,3,1,20.7,16.0,11.4,2.87,-999,2,182.7,2,95.9,6,28.4,5.00,17.4,6,17.5
433,20090701,20090731,3,1,25.1,20.1,15.4,2.45,-999,2,219.3,2,69.9,6,31.4,10.70,14.2,6,15.3
433,20090801,20090831,3,1,26.5,20.8,14.6,2.42,-999,2,282.1,2,28.0,6,32.8,10.00,14.1,6,13.0
433,20090901,20090930,3,1,21.5,16.4,11.5,2.33,-999,2,205.1,2,29.7,6,32.7,5.30,13.4,6,6.4
433,20091001,20091031,3,1,11.5,8.5,5.6,2.58,-999,2,71.0,2,84.0,6,23.3,-1.00,17.1,6,20.5
433,20091101,20091130,3,1,10.8,8.2,5.8,2.43,-999,2,53.2,2,68.6,6,15.3,-1.60,17.4,6,21.3
433,20091201,20091231,3,1,2.4,0.6,-1.7,2.45,-999,2,27.6,2,58.1,6,10.4,-14.10,18.1,6,11.3
433,20100101,20100131,3,1,-2.7,-4.5,-7.0,2.84,-999,2,23.7,2,20.9,6,2.6,-16.50,17.4,6,4.9
433,20100201,20100228,3,1,2.7,0.3,-2.1,2.64,-999,2,44.0,2,23.1,6,12.5,-6.40,18.9,6,7.0
433,20100301,20100331,3,1,9.5,5.4,1.3,-999,-999,2,105.4,2,39.0,6,22.7,-7.10,19.4,6,7.7
433,20100401,20100430,3,1,15.0,9.8,4.2,2.80,-999,2,204.6,2,15.5,6,24.3,0.30,19.7,6,6.4
433,20100501,20100531,3,1,15.2,11.6,7.9,2.58,-999,2,88.4,2,71.5,6,22.0,0.90,15.8,6,9.2
433,20100601,20100630,3,1,23.7,18.4,12.1,2.40,-999,2,287.4,2,2.3,6,31.7,8.10,16.1,6,1.7
433,20100701,20100731,3,1,28.9,23.3,16.9,2.32,-999,2,294.6,2,55.5,6,37.7,12.70,17.1,6,35.2
433,20100801,20100831,3,1,23.1,18.9,15.1,2.35,-999,2,149.1,2,141.7,6,30.2,10.40,14.5,6,24.8
433,20100901,20100930,3,1,17.8,13.7,9.7,2.53,-999,2,129.3,2,87.2,6,24.6,3.80,14.4,6,27.1
433,20101001,20101031,3,1,12.5,8.6,4.7,-999,-999,2,123.1,2,20.4,6,18.7,-0.70,17.5,6,6.1
433,20101101,20101130,3,1,7.5,5.4,3.1,2.70,-999,2,17.8,2,101.6,6,18.5,-6.90,18.2,6,16.3
433,20101201,20101231,3,1,-1.8,-4.0,-7.2,2.90,-999,2,11.2,2,47.9,6,5.1,-14.80,15.9,6,5.8
433,20110101,20110131,3,1,4.1,1.9,-0.5,2.45,-999,2,42.2,2,33.5,6,11.1,-8.70,15.6,6,8.0
433,20110201,20110228,3,1,3.0,0.1,-2.8,3.00,-999,2,91.5,2,24.6,6,11.0,-12.80,20.0,6,12.7
433,20110301,20110331,3,1,10.5,5.5,0.9,2.61,-999,2,189.6,2,15.6,6,17.5,-6.30,14.8,6,8.8
433,20110401,20110430,3,1,18.2,13.1,7.8,2.87,-999,2,207.9,2,37.1,6,24.9,2.10,26.8,6,11.9
433,20110501,20110531,3,1,21.6,15.6,9.3,2.55,-999,2,279.1,2,17.6,6,32.4,0.80,17.8,6,4.7
433,20110601,20110630,3,1,24.6,19.0,13.6,2.57,-999,2,252.9,2,54.4,6,32.2,9.40,17.8,6,23.5
433,20110701,20110731,3,1,22.1,18.1,14.3,2.81,-999,2,161.8,2,185.1,6,29.6,10.70,18.4,6,49.4
433,20110801,20110831,3,1,23.5,19.0,14.6,2.45,-999,2,168.0,2,74.1,6,31.1,10.20,18.2,6,17.4
433,20110901,20110930,3,1,21.3,16.5,11.7,2.10,-999,2,179.9,2,56.1,6,28.8,7.00,16.5,6,16.1
433,20111001,20111031,3,1,15.3,10.6,6.5,-999,-999,2,150.0,2,34.7,6,25.9,-0.50,17.5,6,11.6
433,20111101,20111130,3,1,8.7,5.0,1.7,2.23,-999,2,118.6,2,1.0,6,15.3,-3.50,17.0,6,0.6
433,20111201,20111231,3,1,7.1,5.0,2.7,3.13,-999,2,20.8,2,77.5,6,12.9,-1.00,17.5,6,24.8
433,20120101,20120131,3,1,4.3,2.3,-0.0,3.13,-999,2,48.1,2,57.0,6,12.8,-10.40,20.5,6,8.1
433,20120201,20120229,3,1,1.7,-1.3,-4.9,2.86,-999,2,88.6,2,32.0,6,11.9,-19.60,18.4,6,7.1
433,20120301,20120331,3,1,12.5,8.0,3.7,2.97,-999,2,159.7,2,8.5,6,20.9,-4.00,20.3,6,2.1
433,20120401,20120430,3,1,14.8,9.9,4.8,2.70,-999,2,158.1,2,30.3,6,30.2,-1.90,16.0,6,11.0
433,20120501,20120531,3,1,21.3,15.9,9.9,2.77,-999,2,232.5,2,34.8,6,30.9,3.40,14.9,6,15.9
433,20120601,20120630,3,1,21.3,16.8,12.2,2.53,-999,2,156.1,2,81.6,6,31.8,5.90,15.9,6,27.5
433,20120701,20120731,3,1,23.9,19.2,14.7,-999,-999,2,203.4,2,141.6,6,32.4,10.60,16.3,6,33.7
433,20120801,20120831,3,1,24.4,19.4,14.6,2.42,-999,2,230.4,2,59.3,6,35.4,10.50,16.3,6,19.7
433,20120901,20120930,3,1,20.4,15.5,10.8,-999,-999,2,178.6,2,25.8,6,29.3,5.50,17.2,6,6.3
433,20121001,20121031,3,1,14.2,9.8,5.7,-999,-999,2,127.2,2,30.1,6,22.8,-4.00,22.9,6,8.0
433,20121101,20121130,3,1,8.2,5.9,3.5,2.57,-999,2,36.8,2,51.3,6,12.0,-3.60,16.6,6,18.6
433,20121201,20121231,3,1,3.3,1.1,-1.2,-999,-999,2,29.5,2,40.0,6,12.7,-11.40,15.2,6,7.9
433,20130101,20130131,3,1,2.1,0.3,-1.8,2.84,-999,2,17.8,2,56.2,6,12.4,-11.90,20.2,6,14.8
433,20130201,20130228,3,1,2.2,0.5,-1.4,2.68,-999,2,20.0,2,29.7,6,7.6,-6.10,17.0,6,6.5
433,20130301,20130331,3,1,2.8,-0.6,-3.8,-999,-999,2,128.0,2,18.4,6,13.7,-11.50,16.4,6,5.0
433,20130401,20130430,3,1,13.5,9.4,4.9,2.63,-999,2,131.4,2,21.0,6,25.6,-4.60,18.0,6,11.2
433,20130501,20130531,3,1,19.1,14.4,9.4,-999,-999,2,158.0,2,79.4,6,27.6,3.40,17.6,6,35.2
433,20130601,20130630,3,1,22.6,17.9,12.7,2.73,-999,2,214.4,2,65.0,6,33.2,7.00,19.7,6,29.3
433,20130701,20130731,3,1,26.8,21.4,15.7,2.42,-999,2,287.8,2,35.6,6,34.7,11.90,15.2,6,17.8
433,20130801,20130831,3,1,25.2,19.7,14.5,2.39,-999,2,214.0,2,51.2,6,34.3,10.60,19.2,6,21.8
433,20130901,20130930,3,1,17.5,13.6,9.8,2.53,-999,2,109.4,2,74.9,6,25.8,3.90,15.0,6,17.1
433,20131001,20131031,3,1,15.5,11.5,7.4,2.39,-999,2,102.8,2,64.1,6,21.8,1.70,18.7,6,28.2
433,20131101,20131130,3,1,8.0,5.6,3.2,2.60,-999,2,33.5,2,54.0,6,14.4,-3.90,16.3,6,8.1
433,20131201,20131231,3,1,6.8,4.5,2.3,2.58,-999,2,39.0,2,43.2,6,10.6,-2.20,23.3,6,6.8
433,20140101,20140131,3,1,2.9,0.7,-1.6,2.90,-999,2,37.2,2,29.5,6,12.1,-13.70,17.0,6,9.6
433,20140201,20140228,3,1,9.3,5.3,1.7,2.57,-999,2,106.3,2,9.0,6,13.2,-2.40,16.4,6,2.5
433,20140301,20140331,3,1,13.2,8.1,3.2,-999,-999,2,162.7,2,17.5,6,21.9,-1.90,18.7,6,4.9
433,20140401,20140430,3,1,17.1,12.1,7.2,2.67,-999,2,171.1,2,20.6,6,22.9,1.40,20.4,6,3.6
433,20140501,20140531,3,1,18.7,13.9,8.9,2.77,-999,2,174.9,2,85.8,6,30.3,1.90,17.0,6,18.9
433,20140601,20140630,3,1,22.8,17.6,12.2,2.50,-999,2,209.9,2,40.0,6,34.1,8.00,16.7,6,20.8
433,20140701,20140731,3,1,27.9,21.9,16.7,2.48,-999,2,260.7,2,61.1,6,34.8,10.60,17.3,6,15.7
433,20140801,20140831,3,1,23.4,18.2,13.3,-999,-999,2,186.8,2,32.4,6,30.0,8.60,19.7,6,6.4
433,20140901,20140930,3,1,21.0,16.6,12.3,2.60,-999,2,157.5,2,27.4,6,27.4,5.80,14.8,6,7.2
433,20141001,20141031,3,1,16.4,12.9,9.6,2.16,-999,2,98.7,2,38.1,6,22.6,2.60,14.8,6,9.8
433,20141101,20141130,3,1,9.4,7.2,5.0,2.43,-999,2,54.6,2,5.7,6,19.0,-2.20,12.0,6,2.6
433,20141201,20141231,3,1,5.1,3.0,0.7,2.87,-999,2,28.8,2,53.0,6,12.1,-8.50,18.7,6,6.3
433,20150101,20150131,3,1,5.2,3.3,1.2,3.10,-999,2,24.8,2,77.7,6,12.9,-3.70,27.9,6,14.9
433,20150201,20150228,3,1,5.7,2.1,-1.2,2.68,-999,2,109.3,2,6.7,6,11.3,-5.60,17.2,6,2.5
433,20150301,20150331,3,1,10.4,6.3,2.4,2.87,-999,2,134.4,2,45.1,6,17.0,-2.20,25.9,6,6.5
433,20150401,20150430,3,1,15.0,9.7,4.2,2.90,-999,2,215.6,2,27.9,6,23.4,-1.10,29.5,6,12.3
433,20150501,20150531,3,1,19.2,13.9,7.7,2.65,-999,2,206.4,2,16.4,6,27.6,3.10,19.0,6,7.1
433,20150601,20150630,3,1,22.3,17.2,12.1,-999,-999,2,207.3,2,50.2,6,31.9,6.80,16.6,6,20.2
433,20150701,20150731,3,1,25.8,20.4,15.1,2.68,-999,2,236.3,2,67.1,6,37.8,8.70,18.8,6,12.7
433,20150801,20150831,3,1,29.4,22.6,16.3,2.35,-999,2,284.4,2,26.2,6,38.0,7.80,17.8,6,9.2
433,20150901,20150930,3,1,20.2,14.8,10.2,2.43,-999,2,173.0,2,31.7,6,29.4,5.30,17.7,6,7.2
433,20151001,20151031,3,1,12.7,9.0,5.6,-999,-999,2,130.4,2,60.2,6,20.6,0.00,12.0,6,12.3
433,20151101,20151130,3,1,11.2,8.1,4.9,2.63,-999,2,54.2,2,74.5,6,17.7,-1.80,22.8,6,24.6
433,20151201,20151231,3,1,9.8,7.4,4.7,2.68,-999,2,66.6,2,24.0,6,15.1,-2.50,21.4,6,9.2
